Artemisia Tridentata Pollen,54575-155,Jonathan,Shaw,1957-02-21,Timothy,Taylor,1935-01-02,William,Chavez,1977-08-12
Turpentine,0395-2075,Robert,Gilbert,2009-02-27,Victor,Alexander,1973-05-11
Acetaminophen,55910-701,Robert,Reed,1902-06-29,Dorothy,Carpenter,1973-01-26
Prunus Spinosa E Flor. Et Summ. 2,48951-8078,Louis,Henderson,1996-08-20,Jonathan,Washington,1912-06-14
Natural Medicine,57955-6103,Laura,Gardner,2002-02-21,Earl,Ortiz,1948-11-11
Dimethicone,51346-091,Gregory,Jacobs,1959-04-25,Donald,Brooks,2004-10-21,Sean,Wright,1949-08-21
Salicylic Acid 2%,55910-947,Phillip,Owens,2001-02-15,Andrew,Parker,1943-03-24,Doris,Fisher,1996-05-22
Midazolam Hydrochloride,0054-3566,Carlos,Lane,1904-08-09,Rachel,George,1998-02-17,Lois,Grant,1979-03-12
Minoxidil,54868-3465,Roger,Gibson,1973-01-05,Phillip,Russell,1938-02-19,Susan,Ramos,2003-03-19
Clonidine,0555-1011,Catherine,Jordan,1995-08-02
Nicotine Polacrilex,0363-0365,Anne,Dean,1975-06-01,Rebecca,Sullivan,1946-12-19
Cimicifuga Racemosa Mercurius Corrosivus Sabina Hydrastis Canadensis Secale Cornutum Aurum Metallicum Hyoscyamus Niger Lycopodium Clavatum Nitricum Acidum,60512-0001,Peter,Fuller,1963-07-28,Aaron,Day,1956-06-05
Histamine,65044-9998,Diana,Turner,1903-03-16,Howard,Freeman,1970-10-24
Ibuprofen,63187-166,Johnny,George,1901-02-07,Raymond,Wilson,1992-01-21
Galantamine Hydrobromide,10147-0881,George,Mcdonald,2006-09-23,Arthur,Rice,2016-06-04,Deborah,Carr,1938-12-25
Diphenhydramine Hydrochloride,54569-4197,Martha,Lopez,1980-01-06,Evelyn,Harper,1931-11-07,Martin,Franklin,1998-09-24
Dextromethorphan Hbr Guaifenesin Phenylephrine,63868-244,Laura,Fisher,1918-06-29,Margaret,Pierce,1904-09-19,Dorothy,Carpenter,1973-01-26
Ramipril,61570-111,Matthew,Watson,1942-06-06,Jean,Scott,1988-11-19,Joseph,Russell,1924-03-21
Methotrexate Sodium,0054-8550,Antonio,Graham,1960-09-19,Louis,Lee,1901-01-12,Katherine,Stephens,1914-03-09
Topiramate,0832-1074,Peter,Rodriguez,1998-07-25
Fluoxetine,0904-5784,Sandra,Jones,2007-08-01,Bobby,Ray,1943-10-29
Alprazolam,64720-187,Harry,Robinson,1950-09-08,Justin,Dean,2006-08-26
Cefotaxime,64679-947,Earl,Reid,2015-12-21
Acetaminophen Dextromethorphan Hbr,0067-8115,Philip,Harvey,1908-04-21,Richard,Dunn,1928-06-21
Nortriptyline Hydrochloride,63629-4276,Jean,Bell,1950-02-28
Carisoprodol,65862-158,Roy,Simpson,1985-05-15,Bruce,Daniels,1942-12-05,Aaron,Long,1978-09-28
Acetaminophen Aspirin And Caffeine,64092-112,Michael,Ryan,1968-02-27,Joseph,Armstrong,1911-11-07,Robert,Patterson,2012-07-31
Thuja Occidentalis,53499-8372,Christopher,Cunningham,1946-02-15
Potassium Citrate,54868-6176,Mildred,Martin,1965-02-03,Ruth,Collins,1995-10-07,Robin,Day,1943-12-12
Stibium 20 Special Order,48951-8230,Debra,Wood,1982-07-30,Todd,Hayes,1916-05-14,Donald,Miller,1979-12-10
Potassium Bicarbonate And Potassium Chloride Effervescent Tablets For Oral Solution,0603-3508,William,Miller,1974-10-17,Ashley,Pierce,1971-12-27
Tetrahydrozoline Hydrochloride,0482-4770,Edward,Dean,1955-03-15,Russell,Rogers,1913-05-31
Hydrocortisone,59762-0074,Howard,Bennett,1948-04-01,Ernest,Rose,1980-06-22,Debra,Webb,1915-01-17
Croton Tiglium Alumina Argentum Nitricum Podophyllum Peltatum Magnesia Carbonica,60512-2004,Louise,Meyer,1968-10-03,Antonio,Lee,1934-02-22,Steve,Richardson,1987-09-16
Cephalexin,54569-1025,Roger,Reyes,1963-12-13
Calcium Carbonate,30142-076,Stephanie,Martinez,1991-06-03
Salicylic Acid,42808-301,Nicole,Lynch,1941-05-29,Janet,Freeman,1917-05-12,Julie,Fields,1911-02-03
Zafirlukast,55111-626,Dorothy,Rice,1988-09-21
Petrolatum,11701-066,Anne,Lawson,2005-02-10,Margaret,Sanchez,1908-09-13
Zinc Acetate Anhydrous And Zinc Gluconate,62750-054,Paula,Stone,2006-08-21,Anna,Watson,2015-06-09
Flucytosine,64980-179,Louis,Adams,1950-12-28,Christopher,Lewis,1987-10-03,Juan,Rivera,1965-12-19
Estradiol,0430-0722,Kathryn,Ferguson,1924-11-03,Mildred,Perry,1947-09-15,Rose,Jacobs,1920-01-02
Morphine Sulfate,66689-032,Russell,Hamilton,1964-06-17
Dextromethorphan Hydrobromide,0031-8694,Laura,Robertson,1901-02-26
Ciprofloxacin Hydrochloride,55154-2086,Ryan,Romero,2006-07-03
Titanium Dioxide,67938-1401,Jason,Harvey,1935-03-15,Brenda,White,2009-02-09,Brenda,Grant,1919-10-30
Metformin Hydrochloride,33261-372,Ann,Hall,1929-07-31,Frank,Cole,1907-05-06
Trihexyphenidyl Hydrochloride,52125-358,Janet,Hayes,1937-07-23,Kimberly,Kelly,1927-12-27
Anastrozole,16571-421,Anthony,Simmons,1978-07-18,Dennis,Bishop,1935-04-07,Rachel,George,1998-02-17
Bacitracin Zinc,67777-220,Howard,Wheeler,1947-04-26,Debra,Webb,1915-01-17
Avobenzone Homosalate Octisalate Octocrylene Oxybenzone,50184-1032,Sandra,Webb,1914-06-12,Shawn,Ward,1966-12-07
Pyrithione Zinc,36800-153,Heather,Henderson,1919-08-11,Jonathan,Nguyen,1939-11-09,Louis,Lee,1901-01-12
Spironolactone,55154-5055,Jason,Foster,2016-06-16,Nicole,Scott,1992-07-29,Wayne,Rice,1951-08-25
Calcium Acetate,0574-0113,Phyllis,Hunt,1932-03-17,Charles,Thomas,1952-09-27,Jeremy,Richardson,1967-11-27
Lamotrigine,65841-683,Rebecca,Johnson,1927-09-23,Thomas,Andrews,1993-02-18
Glycerin,53389-331,Carlos,Sullivan,1922-01-15
Teniposide,44567-507,Mary,Price,1985-08-17,Arthur,Hart,1993-08-26,Terry,Burke,1970-09-21
Olanzapine,68258-7096,Arthur,Rice,2016-06-04
Tricolsan,65601-757,Scott,Long,1981-10-15,Kathryn,Richards,1983-01-18,Michelle,Brown,1977-06-06
Berberis Vulgaris Cimicifuga Racemosa Cinchona Officinalis Colocynthis Ledum Palustre Ranunculus Bulbosus Aesculus Hippocastanum Cuprum Aceticum,43742-0072,Anna,Wilson,1993-07-14,Henry,Olson,1995-02-04,Martha,Fernandez,1922-05-25
Telmisartan,0054-0544,Jerry,Stone,1940-08-05,William,Hicks,2003-06-12
Alcohol,30805-003,Philip,Hill,1941-04-11,Elizabeth,Meyer,1985-09-20,Samuel,Turner,1992-01-26
Hydrocodone Bitartrate And Acetaminophen,0179-0116,Susan,Arnold,1959-03-08
Alteplase,50242-044,Benjamin,Burke,1954-01-04
N/A,50241-030,Daniel,Gonzalez,1996-02-25,Robin,Cruz,1917-01-10
Cetirizine Hydrochloride,27808-001,Phyllis,Hunt,1932-03-17,William,Miller,1974-10-17,John,Reynolds,1976-02-01
Pullularia,49288-0367,Deborah,Shaw,1979-11-27,Sandra,Bishop,1922-09-03,Denise,Ford,1920-10-20
Berberis Vulgaris Chelidonium Majus Trifolium Pratense Glycyrrhiza Glabra Lappa Major Phytolacca Decandra Rhamnus Frangula,43857-0168,Paula,Stone,2006-08-21,Aaron,Cruz,1964-01-11,Linda,Burns,1932-08-28
Benzoyl Peroxide,11410-011,Tina,Lee,1923-12-23
Yeast Baker Saccharomyces Cerevisiae,65044-3714,Carol,Bradley,1919-11-03,Anna,Cox,1966-09-15,Eric,Fuller,1967-05-29
Naproxen,16590-163,Karen,Burns,1985-10-09
Amoxicillin,68788-9033,Charles,Johnson,1936-08-14
Sertraline Hydrochloride,0615-6558,Matthew,Vasquez,1913-12-20,Edward,Foster,1910-06-11,Elizabeth,Flores,1921-04-13
Lansoprazole,54868-3867,Susan,Berry,1979-11-18,Kevin,Dixon,1932-01-05
Shadscale,49288-0027,Heather,Hart,2000-06-15,Harry,Stanley,1909-11-01,Tammy,Garcia,1942-02-01
Duloxetine Hydrochloride,60760-323,Todd,Fernandez,1943-07-03
Diphenhydramine Hydrochloride,68210-1510,Lillian,Flores,1926-10-04,Denise,Larson,2010-12-25
Alprazolam,63629-5364,John,Evans,2016-06-14,Ashley,West,1921-07-06,Sandra,Webb,1914-06-12
Erythromycin Stearate,24338-106,Paula,Stone,2006-08-21,Raymond,Ford,1909-03-16,Jason,Foster,2016-06-16
Atorvastatin Calcium,67544-060,Amanda,Fields,2009-07-07,Margaret,Hart,1926-10-14
Menthol,59316-206,Marie,Perkins,1993-10-06,Bruce,Jones,1962-05-29
Metformin Hydrochloride,51655-561,Pamela,Flores,2008-12-28,Nicholas,Stephens,1989-01-13
Titanium Dioxide And Zinc Oxide,98132-750,Joan,Robinson,1941-11-28,Louis,Lee,1901-01-12
Enoxaparin Sodium,55154-5433,Ruth,Lopez,2005-09-10,Beverly,Garza,1984-08-29
Sodium Monofluorophosphate,0135-0534,Jeremy,Thomas,2015-12-14,Anna,Watson,2015-06-09
Simethicone,68788-9070,Gloria,Montgomery,1901-07-08,Christopher,Harris,1929-07-13
Hydroxyzine Hydrochloride,68788-9776,Jessica,Lane,1966-03-22,Kimberly,Hanson,1984-06-07
Lovastatin,0615-6590,James,Kelley,1936-06-27,Russell,Perry,1950-06-18,Joshua,Henry,1966-06-20
Neomycin Sulfate Polymyxin B Sulfate And Dexamethasone,0904-7938,Angela,White,1991-12-22,Irene,Rice,2015-02-01,Tammy,Lee,1911-04-18
Phytonadione,21695-168,Betty,Gray,1911-08-14,Christina,Gomez,2002-05-05,Pamela,Hughes,2007-02-01
Gabapentin,42549-513,Richard,James,1975-06-19,Brenda,Tucker,1919-02-19,Jason,Foster,2016-06-16
Avobenzone Octinoxate Oxybenzone,42952-101,Laura,Robertson,1901-02-26,Earl,Schmidt,1975-07-06
Triclosan,29500-9079,Anthony,Simmons,1978-07-18
Metformin Hydrochloride,10544-248,Paul,Cook,2004-12-02,Teresa,Moreno,1996-03-26
Ibuprofen,59726-117,Johnny,Barnes,1907-06-06,Martin,Henderson,1905-01-18,Mary,Schmidt,1948-03-25
Avobenzone Octinoxate Octisalate Octocrylene Oxybenzone,49825-121,Elizabeth,Stephens,1935-05-03
Titanium Dioxide,51389-106,Shawn,Wheeler,1924-03-30,Mildred,Reid,1991-04-10,Roger,Frazier,1921-03-10
Zinc Oxide,13537-269,Raymond,Nguyen,1952-11-25,Patrick,Harper,1979-12-01,Arthur,Hart,1993-08-26
Lidocaine Hydrochloride,60432-464,Michelle,Chavez,1901-04-05
Diphenhydramine Hydrochloride,24385-479,Elizabeth,Castillo,1983-08-13
Treatment Set Ts349778,49288-0922,Martin,Anderson,1954-05-14,Carlos,Sullivan,1922-01-15
Enalapril Maleate,63629-1522,Ralph,Hawkins,1942-01-21
Fosphenytoin Sodium,0409-4857,Henry,Austin,1968-05-31
Sodium Monofluorophosphate,0135-0534,Martha,Fernandez,1922-05-25,Heather,Brown,1992-05-02,Paul,Grant,1901-02-08
Octinoxate And Titanium Dioxide,52685-398,Jane,Gardner,1975-06-11
Adrenalinum Candida Albicans Thyroidinum Torula Cerevisiae Triticum Ustilago Maidis Antimon. Crud. Arsenicum Alb. Baptisia Berber. Aqui Bryonia Calc. Phos. Cinchona Helonias Dioica Hydrastis Iodium Iris Versicolor Kali Carb. Lachesis  Lycopodium Merc. Viv. Nat. Carb Nat. Phos. Nitricum Ac. Phosphorus Podoph. Pelt. Pulsatilla Sepia Echinacea Ginkgo Juglans Regia Lappa Thuja Occ.,55714-4485,Irene,Richards,2002-04-08,Ruby,Austin,1917-05-27,Sean,Peters,1940-09-18
Avobenzone Octisalate Octocrylene,65342-1006,Todd,Romero,1967-08-26
Nicotine Polacrilex,68196-300,Ernest,Boyd,1959-02-04,Scott,Murphy,1952-01-12
Citalopram,58118-4742,Roger,Parker,1954-12-27,Frances,Gibson,2006-12-28
Amlodipine Besylate,43353-691,Victor,Ramos,1927-07-01
Doxycycline,68180-651,Diane,Snyder,1941-09-14,Ralph,Medina,1987-05-15
Simvastatin,16252-507,Martin,Franklin,1998-09-24
Leucine Phenylalanine Lysine Methionine Isoleucine Valine Histidine Threonine Tryptophan Alanine Glycine Arginine Proline Serine Tyrosine Sodium Acetate Dibasic Potassium Phosphate Ma,0338-1119,Andrew,Burke,1918-10-11
Cyclosporine,0023-9163,Frank,Collins,1999-02-21,Christine,Holmes,1959-12-13
Dextrose Monohydrate Sodium Chloride And Potassium Chloride,0409-7107,Rachel,Fisher,1913-10-25,Margaret,Phillips,1904-08-01
Ranitidine,46122-041,Wayne,Rice,1951-08-25,Sean,Carroll,1935-02-10,Aaron,Carter,1991-01-11
Clonidine Hydrochloride And Chlorthalidone,0378-0027,Richard,Hanson,1907-12-26,Fred,Shaw,2010-08-15
Ranitidine,11822-0047,Brandon,Watson,1967-05-15,William,Hicks,2003-06-12,Justin,Dean,2006-08-26
Pyrithione Zinc,37000-086,Christina,Ramos,1946-02-02,Kathy,Mason,1944-11-16,Bruce,Hall,1999-03-24
Naproxen Sodium,50268-593,Anthony,Simmons,1978-07-18,Diane,Cox,1979-10-01
Sotalol Hydrochloride,0185-0174,Alice,Rodriguez,1945-11-10,Shirley,Clark,1949-09-23
Acetaminophen Dextromethorphan Hbr Guaifenesin Phenylephrine Hcl,0113-0548,Diane,Wells,1972-03-06,Russell,Perry,1950-06-18
Octinoxate Titanium Dioxide,69038-002,Andrea,Harper,1989-07-25,Annie,Mason,1989-03-18,Ann,Price,1991-08-27
Diphenhydramine Hydrochloride,70253-025,Kathleen,Mitchell,1947-01-23
Topical Starch,34690-5001,Keith,Freeman,1928-09-20,Raymond,Ford,1909-03-16,Shawn,Wheeler,1924-03-30
Promethazine Hydrochloride,40076-318,Katherine,Cunningham,1974-01-21,Howard,Wheeler,1947-04-26
Calcium Carbonate,0135-0541,Rebecca,Sullivan,1946-12-19,Laura,Fisher,1918-06-29
Gabapentin,49349-281,Marie,Gardner,1934-03-25,Fred,Cruz,1914-03-24,Roy,Woods,1984-11-18
Mucor Plumbeus,0268-0915,Frank,Cole,1907-05-06,Stephanie,Perkins,1907-01-31,Kathryn,Young,1925-12-24
Hydroquinone,45802-980,Phillip,Fowler,1996-11-11,Jean,Bell,1950-02-28
Pecan Carya Carya Illinoensis,65044-2099,Robert,Reed,1902-06-29
Acetaldehyde,43742-0188,Timothy,Hart,1926-10-01,Jacqueline,George,1951-09-26,Aaron,Jacobs,2003-11-14
Permethrin,63736-024,Michelle,Chavez,1901-04-05,Jose,Lynch,2008-06-28,Lois,Murray,1973-08-14
Losartan Potassium And Hydrochlorothiazide,0781-5816,Donna,Duncan,1946-11-02,Jonathan,Peters,1940-01-12,Tammy,Jones,2013-12-21
Poplar,36987-3115,Joshua,Simpson,1976-01-25
Lactic Acid,58980-915,Gary,Lawson,1951-04-10,Anna,Medina,1968-11-26
Amlodipine Besylate,52125-225,Sharon,Evans,1957-10-31,Tammy,Lee,1911-04-18
Ceftriaxone Sodium,21695-202,Jack,Robertson,1912-04-02,Sharon,Cruz,1985-03-09
Brompheniramine Maleate Pseudoephedrine Hydrochloride And Dextromethorphan Hydrobromide,54868-6377,Andrew,Hayes,1924-10-26
Couch Quack Grass,36987-2318,Diane,Rogers,1942-02-06
Pamidronate Disodium,0517-0746,Marie,Flores,1936-12-11,Dorothy,Anderson,1995-01-30
Menthol,10157-9012,Howard,Fernandez,1980-10-09
Polidocanol,60635-133,Frances,Gibson,2006-12-28
Tuna Fish,36987-1274,William,Miller,1974-10-17
Ondansetron Hydrochloride,55150-126,Angela,Peters,2006-11-30,Thomas,Morris,2011-05-12
Dronabinol,68084-174,Kimberly,Hanson,1984-06-07,Kathryn,Richards,1983-01-18,Charles,Johnson,1936-08-14
Alendronate Sodium,16714-633,Shirley,Nelson,1963-12-02,Debra,Thomas,1959-05-31,Andrea,Hunt,1997-08-09
Titanium Dioxide,66184-525,Philip,Harvey,1908-04-21
Triclosan,49852-171,Tina,Stanley,1950-12-26,Ann,Hall,1929-07-31,Kathryn,Henry,1954-01-26
Loratadine,15127-715,Carl,Wells,1936-09-03,Tammy,Fisher,1926-08-19
Aminocaproic Acid,0517-9120,Clarence,West,1966-09-03,Martin,Hart,1966-03-28
Acetaminophen Dextromethorphan Hbr Doxylamine Succinate Phenylephrine Hcl,55316-090,Kenneth,Bennett,1996-11-24,Heather,Sullivan,1960-10-20,Ryan,Romero,2006-07-03
Dexmethylphenidate Hydrochloride,0781-2689,Donald,Miller,1979-12-10
Primidone,42549-680,Eric,Harvey,1978-03-23
Oxymetazoline Hydrochloride,65923-977,Martin,Hart,1966-03-28,Theresa,Jacobs,2005-08-14
Thyme,49288-0572,Kathryn,Gonzales,1901-07-12,Sandra,George,1984-10-13,Raymond,Sanders,1977-09-07
Telmisartan/Amlodipine,0597-0125,Nicholas,Stephens,1989-01-13,Andrew,Parker,1943-03-24,Julie,Bailey,1936-06-21
Acetaminophen And Diphenhydramine Hcl,70253-235,Edward,Rivera,1938-09-02
Octinoxate And Octisalate,62839-1103,Peter,Collins,1955-12-21
Gabapentin,45865-347,Irene,Smith,1953-06-01,Jerry,Bennett,1902-02-06,Johnny,Montgomery,1929-10-02
Pseudoephedrine Hcl,56062-432,Tina,Ward,1982-12-07,Patricia,Greene,1966-07-05,Virginia,Hart,1903-09-16
Diphenhydramine Hydrochloride,41520-025,Jonathan,Peters,1940-01-12,Phillip,Fowler,1996-11-11,Linda,Burns,1932-08-28
Venlafaxine Hydrochloride,59762-0180,Heather,Jenkins,1945-11-23,Donna,Simpson,1935-10-15,Daniel,Vasquez,1940-10-21
Sumatriptan Succinate,64679-728,Richard,Dunn,1928-06-21,Christopher,Allen,1953-11-30,Peter,Fuller,1963-07-28
Disopyramide Phosphate,0025-2732,Joseph,Russell,1924-03-21
Mirtazapine,0052-0105,Jennifer,Myers,1905-12-19,Richard,Dunn,1928-06-21,Amanda,Nichols,1931-03-20
Salicylic Acid,63824-318,Betty,Griffin,2013-01-05,Wayne,Romero,1948-01-28,Russell,Ramos,1954-11-14
Avobenzone Octisalate Zinc Oxide Octinoxate And Oxybenzone,13537-171,William,Burke,2008-10-25
Allantoin 0.5% Benzethonium Chloride 0.5%,24909-115,Terry,Cooper,1976-12-15
Tramadol Hydrochloride And Acetaminophen,68387-497,Benjamin,Rodriguez,1991-09-07,Terry,Cooper,1976-12-15
Alternaria Tenuis,0268-0815,Kenneth,Collins,1971-12-13
Meclizine Hydrochloride,60429-205,Wayne,Romero,1948-01-28
Metoprolol Tartrate,46708-114,Elizabeth,Miller,1921-01-08,Lillian,Powell,1950-08-14
Avobenzone Homosalate Octisalate Octocrylene Oxybenzone,61047-820,Adam,Diaz,1953-07-17
Titanium Dioxide,10345-031,Richard,Hanson,1907-12-26,Paula,Stone,2006-08-21,Janice,Wells,1905-04-02
Chloroxylenol,37000-617,Victor,Jordan,1986-07-08
Hydrocodone Bitartrate And Ibuprofen,63629-5437,Martin,Sims,1917-06-10,Jeremy,Richardson,1967-11-27
Aripiprazole,49999-598,Marie,Perkins,1993-10-06,Gerald,Richardson,1938-03-14,Lillian,Harvey,1973-11-18
Lisinopril And Hydrochlorothiazide,43353-867,Paula,Simmons,1989-04-03,Virginia,Hart,1903-09-16,Bonnie,Hill,1997-05-07
Hydroxyzine,52584-610,Janice,Roberts,1927-01-12,Lisa,Gonzales,1975-02-12,Tina,Green,1906-11-10
Carbamazepine,60429-255,Larry,Peterson,1982-05-02,Lillian,Flores,1926-10-04,Wayne,Wood,2000-04-30
Levothyroxine Sodium,54868-3849,Ann,Hall,1929-07-31,Christopher,Lewis,1987-10-03
Diphenhydramine Hcl,49348-413,Lisa,Cooper,1954-05-02,Barbara,Dunn,1905-09-11,Johnny,Wilson,1933-12-27
Benazepril Hydrochloride,54868-5001,David,Greene,1966-02-26,Nancy,Olson,1940-01-16
Warfarin Sodium,31722-329,Douglas,Morris,1956-06-13
Chlorpheniramine Maleate Phenylephrine Hcl,36800-139,Jason,Smith,1927-11-07,Andrea,Hunt,1997-08-09
Lidocaine Hydrochloride,0409-4713,Bobby,Washington,1985-01-24,Helen,Payne,1984-06-29
Acetaminophen Dextromethorphan Hydrobromide Doxylamine Succinate Pseudoephedrine Hydrochloride,0363-0609,Alice,Ellis,1965-09-06,Barbara,Dunn,1905-09-11
Echinacea Hydrastis Canadensis Nux Moschata Trigonalla Foenum Graecum Arsenicum Album Kali Bichromicum Mercurius Sulphuratus Ruber Pulsatilla Sepia Mercurius Solubilis,57520-0513,Larry,Riley,1999-07-04,Nicole,Lynch,1941-05-29,Jacqueline,Cook,1959-10-21
Benzocaine,0699-7061,Donna,Hunt,1985-02-24,Edward,Foster,1910-06-11,Melissa,Bell,2010-12-31
Titanium Dioxide And Octinoxate,43419-372,Ryan,Romero,2006-07-03,Annie,Hamilton,1926-04-03
Turnip,49288-0571,Bonnie,Clark,1903-01-14,Nicole,Hall,1910-01-24,Tammy,Montgomery,1944-09-13
Simvastatin,0615-7706,Adam,Stewart,1902-03-20
Carvedilol,51079-931,Larry,Harrison,1945-05-15
Hydroxyzine Pamoate,0185-0613,Dorothy,Reynolds,1910-07-05,Rebecca,Johnson,1927-09-23
Allopurinol,0591-5544,Frances,Gibson,2006-12-28
Menthol And Camphor And Eucalyptus Oil,52000-012,Catherine,Gardner,2011-05-31,Larry,Riley,1999-07-04,Antonio,Carr,2013-01-10
Avobenzone Homosalateoctisalateoctocryleneoxybenzone,58668-1409,Samuel,Lynch,2004-07-17,Anna,Wilson,1993-07-14
Anacardium Orientale Berberis Vulgaris Natrum Muriaticum Nitricum Acidum Nux Vomica Staphysagria Sulphur Thuja Occidentalis,52731-7011,Jean,Day,1968-08-11,Ann,Morrison,1930-12-01
Guaifenesin And Dextromethorphan Hydrobromide,0536-0970,Denise,Taylor,1929-03-18,Marie,Medina,1984-06-09,Roger,Bryant,1983-03-13
Topiramate,0832-0707,Martha,Davis,1913-04-12,Amanda,Fields,2009-07-07,Kathy,Sullivan,1961-11-08
Psyllium Husks,10267-1936,Amanda,Nichols,1931-03-20,Richard,Wright,1910-05-08,Rebecca,Rice,1974-01-07
Propoxyphene Napsylate And Acetaminophen,12634-537,Harold,Burke,1958-04-18,Lori,Bell,1940-08-21,Ashley,West,1921-07-06
Trazodone Hydrochloride,68387-165,Matthew,Graham,1946-04-25,Christina,Garrett,1932-06-07
Star Of Bethlehem,57520-0384,Sharon,Cruz,1985-03-09,Roger,Adams,1910-03-11,Joyce,Carr,1959-11-16
Divalproex Sodium,55648-725,Gloria,Montgomery,1901-07-08,William,Burke,2008-10-25,Donna,Duncan,1945-10-16
Omeprazole,21695-617,Jean,Scott,1988-11-19
Isopropyl Alcohol,0574-0067,William,Chavez,1977-08-12,William,Lopez,1944-06-26,Victor,Alexander,1973-05-11
Isopropyl Alcohol,37205-012,Laura,Robertson,1927-06-28,Sharon,Cox,1949-05-31
Quetiapine Fumarate,63629-4939,Stephen,Nichols,1928-03-24,Raymond,Rodriguez,1963-12-31
Potassium Chloride,66758-180,Eric,Fuller,1967-05-29,Ryan,Holmes,1959-10-01
Giant Wild Rye,36987-2375,Catherine,Howell,2003-11-06,Susan,Greene,1953-07-01
Cromolyn Sodium,17478-291,Anthony,Lynch,1947-02-06
Lycopodium Clavatum,53499-8971,Linda,Alexander,1943-07-15,Larry,Peterson,1982-05-02
Sodium Fluoride,37000-693,Elizabeth,Stephens,1935-05-03
Titanium Dioxide,98132-749,Martha,Davis,1913-04-12,Walter,Stephens,1990-06-09
Pyrithione Zinc,44781-180,Anthony,Payne,2011-07-20
Prochlorperazine,66213-200,Terry,Cole,1963-07-07,Gerald,Wagner,1928-11-25
Nabumetone,0378-3015,Matthew,Vasquez,1913-12-20
Nystatin,54569-1125,Judith,Oliver,1904-11-20,Amy,Watkins,2013-01-23
Octinoxate And Titanium Dioxide,52685-437,Gerald,Chavez,1954-02-09
Spironolactone,53746-515,Patrick,Campbell,1955-08-22
Metformin Hydrochloride,0093-1049,Larry,Allen,1919-07-14,Todd,Romero,1967-08-26,Phyllis,Sullivan,1951-01-22
Cyclosporine,0185-0932,Randy,Coleman,1949-06-29,Brenda,Kennedy,1952-05-21,Harold,Jacobs,1969-01-04
Topical Starch,34690-5001,Jesse,Sanchez,1921-03-16,Howard,Bennett,1948-04-01
Prednisone,35356-819,Kimberly,Sims,1988-09-10,Kathryn,Gonzales,1901-07-12
Salicylic Acid,10812-024,Kimberly,Stewart,1914-06-28,Denise,Stewart,1989-01-30,Julie,Wood,1942-12-11
Olanzapine And Fluoxetine,0781-2193,Ann,Peterson,1913-09-02,Brenda,Phillips,1902-08-02
Octinoxate Octisalate Titanium Dioxide,51327-400,Aaron,Cook,2006-09-19,Michael,Webb,1950-04-28
Olanzapine,54868-6365,Jacqueline,Torres,1975-08-10,Janice,King,1929-05-13,Roger,Reyes,1963-12-13
Losartan Potassium,66336-666,Eric,Welch,1944-11-03,Eric,Howell,1970-05-27
Titanium Dioxide And Zinc Oxide,61380-259,David,Rice,1981-12-10
Smelt,36987-1265,Walter,Allen,1950-09-13
Titanium Dioxide Octinoxate Zinc Oxide,51346-259,Bruce,Jones,1962-05-29,Helen,Fox,1901-08-22
Triclosan,11822-1130,Jean,Gilbert,1971-12-01,Jacqueline,Cook,1959-10-21,Laura,Morris,1998-03-20
Achillea Millefolium Marrubium Vulgare Stachys Betonica Urtica Dioica,58092-001,Annie,Hamilton,1926-04-03,Mary,Schmidt,1948-03-25,Jonathan,Martinez,1929-02-01
Cephalexin,64205-101,Daniel,Garza,1926-12-19,Teresa,Willis,1970-12-11,Ashley,Washington,1977-08-03
Acetaminophen Dextromethorphan Hydrobromide Doxylamine Succinate,37808-977,John,Evans,2016-06-14,Dennis,Washington,1996-01-01,Ann,Peterson,1913-09-02
Quetiapine Fumarate,16729-146,Irene,Richards,2002-04-08
Helicobacter Pylori,43742-0036,Louis,Adams,1950-12-28,Aaron,Day,1956-06-05,Debra,Sanders,2013-09-09
Varenicline Tartrate,0069-0468,Peter,Collins,1955-12-21
Titanium Dioxide Zinc Oxide,65364-100,Pamela,Ross,1981-06-03
Hydrochlorothiazide,54458-939,Paul,Grant,1901-02-08
Phenol,36800-343,Jonathan,Shaw,1957-02-21,Bruce,Black,1909-03-03
Ropinirole Hydrochloride,55648-154,Kevin,Reed,1984-03-13,Martin,Sims,1917-06-10
Naproxen Sodium,36800-055,Michelle,Fuller,1997-07-25,Louise,Knight,1996-10-20,Justin,Edwards,2001-07-09
Octinoxate Titanium Dioxide,61957-1101,Victor,Hughes,2014-04-16,Daniel,Gonzalez,1996-02-25,Tammy,Garcia,1942-02-01
Octinoxate Titanium Dioxide,61957-2106,Marie,Gardner,1934-03-25,James,Kelley,1936-06-27,John,Peters,1978-04-15
Fagopyrum Esculentum,64117-228,Brandon,Watson,1967-05-15,Alice,Ellis,1965-09-06
Diphenhydramine Hcl,63941-200,Laura,Gardner,2002-02-21,Kathy,Mason,1944-11-16
Octinoxate Titanium Dioxide And Zinc Oxide,14783-601,Steven,Ryan,1917-04-23
Sodium Phosphate Monobasic Sodium Phosphate Dibasic,67777-402,Larry,Peterson,1982-05-02
Labetalol Hydrochloride,65483-393,Scott,Burns,1981-10-01,Charles,Gray,1936-09-02,Melissa,Coleman,1931-02-22
Topotecan Hydrochloride,63323-762,Chris,Anderson,1940-12-10
Paroxetine,49349-171,Diane,Peters,2002-10-29,Tina,Larson,1918-12-05,Jane,Robertson,1913-04-11
Gabapentin,16590-101,Janice,Adams,1905-02-27,Carl,Wells,1936-09-03
Meperidine Hydrochloride,63629-4549,Louis,Henderson,1996-08-20,Joyce,Carr,1959-11-16
Clonidine Hydrochloride,55154-0685,Jane,Wood,1980-04-26
Radium Ra 223 Dichloride,50419-208,Brenda,Tucker,1919-02-19,Richard,Hanson,1907-12-26
Zinc Oxide Ferric Oxide Red Pramozine Hcl,59970-075,Gary,Burns,1922-03-06,Nicole,Owens,1924-08-31,Stephanie,Perkins,1907-01-31
Octinoxate And Oxybenzone,54473-162,Brenda,Gonzales,2010-03-01,Lawrence,Spencer,1973-03-25,Joan,Robinson,1941-11-28
Shark Cartilage,57520-0158,Dorothy,Rice,1988-09-21,Phillip,Fowler,1996-11-11
Glycerin,69244-1001,Bonnie,Hill,1997-05-07,Bruce,Jones,1962-05-29,Joyce,Carr,1959-11-16
Clobetasol Propionate,0299-3847,Stephen,Hayes,1968-06-06
Ibuprofen,41163-392,Rose,Jacobs,1920-01-02,Carl,Gardner,1962-07-18
Bumetanide,0185-0129,Brian,Greene,1902-07-07
Menthol Camphor,20276-210,Sara,Wagner,1984-07-13,Victor,Robinson,2015-03-04,Sandra,Dunn,2006-05-05
Oxygen,68470-1001,Pamela,Flores,2008-12-28,Frank,Morris,1946-04-24
Ursodiol,0591-3159,Jessica,Williamson,2004-11-22,Elizabeth,Castillo,1983-08-13
Paroxetine Hydrochloride,49999-828,Amy,Gutierrez,1914-12-29,Diane,Cox,1979-10-01
Nicotine Polacrilex,49035-029,Sandra,George,1984-10-13
Budesonide,60505-0839,Billy,Gonzales,1946-07-31,Janet,Hayes,1937-07-23
Acetaminophen,68387-214,Pamela,Stephens,1906-09-25,Diane,Rogers,1942-02-06,Joshua,Simpson,1976-01-25
Diltiazem Hydrochloride,51079-925,Joan,Robinson,1941-11-28,Norma,Ryan,1967-04-12
Rosmarinus Poterium,48951-8158,Anne,Lewis,1946-03-08,Jonathan,Hamilton,1958-04-02,Norma,Garcia,1993-09-24
Belladonna Ex Herba 6,48951-2033,Daniel,Gonzalez,1996-02-25
Aspergillus Flavus Var. Oryzae,60681-0021,Anne,Lawson,2005-02-10,Lisa,Gonzales,1975-02-12,Walter,Allen,1950-09-13
Aspirin,50332-0102,Angela,Marshall,1917-02-08,Jean,Harrison,1904-11-26
Diphenhydramine Hcl,55319-236,Roger,Baker,1906-04-23,Joan,Sims,2015-06-30
Magnesium Salicylate/Acetaminophen/Caffeine,47682-073,Donald,Miller,1979-12-10,Jesse,Ortiz,1979-11-04,Cynthia,Chapman,1903-03-08
Octinoxate And Oxybenzone,13537-068,Laura,Gardner,2002-02-21
Fondaparinux Sodium,60505-6080,Bruce,Black,1909-03-03
Riluzole,60505-3285,Nicole,Hall,1910-01-24,Elizabeth,Stephens,1935-05-03
Nitrofurantoin Monohydrate/Macrocrystalline,55289-822,Mark,Harrison,1987-10-12,Sharon,Cox,1949-05-31
Acetaminophen Dextromethorphan Hbr Doxylamine Succinate Phenylephrine Hcl,63868-011,Rebecca,Johnson,1927-09-23
Hydrocodone Bitartrate And Acetaminophen,63629-5191,Jacqueline,Cook,1959-10-21,Arthur,Smith,1907-04-02
Oseltamivir Phosphate,54868-6315,Earl,Butler,2004-08-17,Anthony,Cook,1937-07-14
Common Mugwort,0268-6732,Debra,Webb,1915-01-17,Kelly,Ray,1924-06-17,Kevin,Nelson,1921-11-09
Calcium Carbonate,0135-0228,Aaron,Long,1978-09-28
Witch Hazel,68016-410,Edward,Brown,1999-06-21,Todd,Fernandez,1943-07-03,Frances,Knight,1993-10-15
Salicylic Acid,58133-062,Elizabeth,Meyer,1985-09-20,Rebecca,Sullivan,1946-12-19,Gregory,Ward,1901-02-21
Titanium Dioxide Octinoxate,42361-006,Amy,Sanchez,1973-04-23
Antipyrine Benzocaine,42192-712,Christina,Vasquez,1988-09-21,Rebecca,Edwards,1927-11-09,Peter,Marshall,1957-07-06
Salicylic Acid,49967-005,Evelyn,Cooper,1905-06-11
Diltiazem Hydrochloride,52125-131,Carlos,Lane,1904-08-09,Billy,Long,1928-03-27
Moisture Barrier Ointment,53329-231,Daniel,Price,1984-11-08
Triclosan,43269-729,Lawrence,Andrews,2016-09-02,Andrea,Carter,1916-01-18
Artemisia Absinthium Pollen,54575-167,Todd,Hayes,1916-05-14,Stephen,Hayes,1968-06-06
Zolpidem Tartrate,54868-0846,Elizabeth,Fuller,1920-05-17
Morphine Sulfate,10019-176,Phyllis,Arnold,2000-10-06,Joe,Cook,1908-12-13
Titanium Dioxide,49817-0070,Elizabeth,Miller,1921-01-08,Denise,Ford,1920-10-20
Quinapril,55111-624,Sandra,Riley,1942-01-18
Minocycline Hydrochloride,0440-7805,Larry,Peterson,1982-05-02,Jack,Cooper,2010-04-26
Concord Grape,49288-0221,Gregory,Matthews,2011-10-10
Olanzapine,68084-527,Dorothy,Stewart,1947-02-01
Allantoin,52915-130,Donald,Ray,1974-12-06,Philip,Hill,1941-04-11
Cocklebur,36987-3169,Todd,Austin,2014-12-01,Elizabeth,Edwards,1918-08-08
Dimethicone Octinoxate Oxybenzone,10742-8667,Albert,Knight,1912-09-19,Virginia,Hart,1903-09-16,Harry,Hernandez,1935-06-10
Ciclopirox,61748-200,Anthony,Hunter,1984-12-21,Jason,Smith,1927-11-07,Samuel,Lynch,2004-07-17
Vitamin A And D,54162-000,Donald,Ray,1974-12-06,Jane,Gardner,1975-06-11,Donald,Ray,1974-12-06
Hydromorphone Hydrochloride,52959-408,William,Miller,1974-10-17,Lori,Lee,1941-02-01,Todd,Fernandez,1943-07-03
Meclizine Hcl,41163-304,Walter,Bennett,1998-02-19
Omega-3 Fatty Acids Thiamine Mononitrate Riboflavin Pyridoxine Hydrochloride Cyanocobalamin Folic Acid Cholecalciferol Ascorbic Acid Alpha-Tocopherol Cupric Sulfate Anhydrous Zinc Oxide Iro,35573-103,Emily,Bowman,2001-07-17
Lorazepam,55154-5878,Rebecca,Garcia,1961-07-06,Walter,Wells,1952-08-11
Zinc Acetate And Zinc Gluconate,62750-029,Lawrence,Lopez,1963-12-10,Bobby,Collins,1992-02-25,Harry,Stephens,1975-07-13
Acamprosate Calcium,0258-4000,Christina,Vasquez,1988-09-21
Nabumetone,33261-077,Michelle,Fuller,1997-07-25,Russell,Perry,1950-06-18
Calcium Carbonate,42507-485,Thomas,Morris,2011-05-12,Annie,Welch,2007-03-27,Amanda,Chapman,1971-08-31
Alprazolam,67046-962,Susan,Allen,1932-03-10,Nicole,Owens,1924-08-31
Zidovudine,68084-462,Howard,Fernandez,1980-10-09
Octinoxate,40046-0055,Joseph,Black,1961-07-21
Methocarbamol,63739-167,Carl,Thomas,2014-09-24,Pamela,Flores,2008-12-28,Susan,Perry,1989-06-11
Anti-Bacteria Monomer Silver Lotion,60659-0102,Marie,Lawrence,1979-01-18
Octinoxate And Oxybenzone,14783-474,Joseph,Russell,1924-03-21
Theophylline Anhydrous,49708-644,Rebecca,Sullivan,1946-12-19,Andrew,Burke,1918-10-11,Jessica,Young,1934-04-03
Mineral Oil Petrolatum Phenylephrine Hcl,41250-188,Victor,Murphy,1904-01-23,Johnny,James,1992-03-01,Dorothy,Burke,1958-10-19
Oat Hypericum Perforatum Phosphoric Acid Mammal Liver Strychnos Ignatii Seed Magnesium Apis Mellifera Silicon Dioxide Gold Trichloride,48951-1191,Richard,Wright,1910-05-08,Walter,Torres,2013-07-20,Laura,Robertson,1901-02-26
Capsaicin,61787-423,John,Evans,2016-06-14,Frances,Knight,1993-10-15
Glimepiride,42549-499,Tina,Ward,1982-12-07,Doris,Anderson,1937-08-26,Patrick,Willis,2015-10-12
Bayberry Wax Myrtle,0268-6683,Brenda,Ward,1989-05-11,Brandon,Harrison,1937-04-27
Entacapone,47335-203,John,Hughes,1914-06-12,Terry,Cole,1963-07-07
Acetaminophen,55910-447,Edward,Davis,1995-05-29,Billy,Long,1928-03-27
Octinoxate And Titanium Dioxide,63868-253,Eugene,Campbell,1945-12-01,Melissa,Gibson,1928-11-03,John,Hughes,1914-06-12
Nicotine Polacrilex,68016-280,Eric,Welch,1944-11-03,Ronald,Tucker,1985-05-06
Trandolapril,68180-567,Walter,Allen,1950-09-13,Brandon,Chapman,1973-10-19
Gemcitabine,55390-391,Frank,Ramos,2009-10-24,Philip,Hill,1941-04-11,Diane,Snyder,1941-09-14
Octinoxate Avobenzone And Octisalate,68472-101,Henry,Olson,1995-02-04,Scott,Weaver,1966-09-14
Octinoxate Octisalate Oxybenzone Avobenzone,10096-0178,Rebecca,Ellis,1949-03-05,Debra,Sanders,2013-09-09
Acetaminophen Phenylephrine Hydrochloride Dextromethorphan Hydrobromide Acetaminophen Doxylamine Succinate And Dextromethorphan Hydrobromide,37000-413,John,Evans,2016-06-14
Esterified Estrogens And Methyltestosterone,50220-001,Johnny,Wilson,1933-12-27,Benjamin,Webb,1957-04-01
Raltegravir,49349-430,Kathleen,Wheeler,1972-03-11,Matthew,Sullivan,1951-12-04,Steven,Mcdonald,1923-05-31
Chlorpheniramine/Dextromethorphan/Phenylephrine,49963-210,Christopher,Lee,2009-12-22,Russell,Perry,1950-06-18,Andrew,Burke,1918-10-11
Lisinopril,16729-199,Terry,Burke,1970-09-21,Jesse,Fowler,1917-05-23,Dorothy,Mason,2016-11-15
Aluminum Chlorohydrate,41595-5518,Todd,Romero,1967-08-26,Sara,Cruz,1971-06-22
Risperidone,50268-699,Linda,Ellis,1996-09-29
Calcium Carbonate And Magnesium Hydroxide,41167-1001,Richard,Mcdonald,1950-06-23,Carl,Fields,1959-03-29,Jacqueline,Nelson,2005-04-19
Acremonium Strictum,0268-0803,Michelle,Chavez,1901-04-05,Carl,Fields,1959-03-29
Triclosan,41250-177,Thomas,Griffin,1982-12-23
Aluminum Hydroxide Magnesium Hydroxide Simethicone,49348-744,Bobby,Duncan,1929-04-20
Ibuprofen,49035-660,Ashley,Watson,1993-05-02
Red Cedar,36987-2574,Melissa,Gibson,1928-11-03
Aztreonam,0003-2230,Benjamin,Burke,1954-01-04,Gregory,Ward,1901-02-21,Earl,Reid,2015-12-21
Pravastatin Sodium,63629-1606,Terry,Cole,1963-07-07,Teresa,Austin,1995-12-28,Elizabeth,Fuller,1920-05-17
Loratadine,36800-527,Pamela,Ross,1981-06-03,Joshua,Welch,1984-10-04,Rebecca,Rice,1974-01-07
Salicylic Acid,57337-035,Lillian,Harvey,1973-11-18,Shawn,Wheeler,1924-03-30
Metformin Hydrochloride,65841-030,Ernest,Rose,1980-06-22,Harry,Stephens,1975-07-13
Dextromethorphan Hydrobromide And Phenylephrine Hydrochloride,63029-402,Nicole,Scott,1992-07-29,Christopher,Lewis,1987-10-03,Justin,Edwards,2001-07-09
Grippe-Hp,57520-0102,Carl,Hall,1926-05-17,Susan,Berry,1979-11-18
Galantamine,0378-2721,Steven,Rose,1947-08-23,Sandra,Webb,1914-06-12,Jonathan,Banks,1966-11-19
Diethylpropion Hydrochloride Er,12634-691,Catherine,Jordan,1995-08-02
Octinoxate,61722-060,Susan,Berry,1979-11-18,Larry,Harrison,1945-05-15,Annie,Kelly,1936-10-21
Labetalol Hydrochloride,0615-4539,James,Hansen,1935-04-29,Frances,Turner,1943-07-25
Divalproex Sodium,0245-0182,Bonnie,Hill,1997-05-07,Jane,Nguyen,1979-09-25
Zinc Oxide And Ferric Oxide Red,42364-0003,Brandon,Harrison,1937-04-27,Jane,Gardner,1975-06-11,Kelly,Carter,1951-06-27
Lidocaine,63354-322,Roger,Parker,1954-12-27,Wayne,Wood,2000-04-30,Dorothy,Burke,1958-10-19
Fexofenadine Hydrochloride,55312-800,Dorothy,Reynolds,1910-07-05,Dorothy,Taylor,1983-04-14,William,Burke,2008-10-25
Phentermine Hydrochloride,68788-9744,William,Myers,1933-12-20
Acetaminophen Dextromethorphan Hydrobromide And Doxylamine Succinate,66715-6834,Daniel,Gonzalez,1996-02-25,Harold,Johnson,1923-09-16,Patrick,Campbell,1955-08-22
Camphor Eucalyptus Oil Menthol,46122-157,Benjamin,Torres,1974-10-25
Aspirin,0280-2000,Melissa,Snyder,1950-04-29,Ralph,Morgan,2012-04-11
Sodium Chloride,55154-9395,Howard,Fernandez,1980-10-09,William,Lopez,1944-06-26
Estrogens Conjugated,0046-1100,Jacqueline,Moreno,1910-02-18
Hydrocortisone,49035-732,Sean,Wright,1949-08-21,Kelly,Ray,1924-06-17
Metformin Hydrochloride,51655-561,Phyllis,Sullivan,1951-01-22,Frank,Collins,1999-02-21,James,Webb,1985-05-04
Digoxin,54569-5758,Thomas,Murray,1977-12-10,Christopher,Gutierrez,1948-11-08
Diphenoxylate Hcl And Atropine Sulfate,16590-080,Benjamin,Thomas,1926-10-19,Katherine,Simpson,1908-11-09
Nystatin,0168-0054,Lillian,Harvey,1973-11-18,Paula,Simmons,1989-04-03,Andrew,Parker,1943-03-24
Ferric Oxide Red Zinc Oxide And Pramoxine Hydrochloride,58232-0730,Jonathan,Morales,1906-01-17
Hydroxyzine Hydrochloride,60432-150,Terry,Burke,1970-09-21,Marilyn,Owens,1920-06-14
Diphenhydramine Hydrochloride,49738-695,Tammy,Lee,1911-04-18,Pamela,Ross,1962-03-02
Clobazam,67386-310,Patrick,Willis,2015-10-12,Anthony,Simmons,1978-07-18,Douglas,Morris,1956-06-13
Atropine Sulfate,52584-029,Eric,Fuller,1967-05-29
Metoclopramide,53808-0722,Sandra,Webb,1914-06-12,Russell,Rogers,1913-05-31,Henry,Olson,1995-02-04
Psyllium Husk,53041-650,Richard,Sanchez,1918-08-23,Earl,Butler,2004-08-17,Henry,Ortiz,1993-07-20
Treatment Set Ts348651,49288-0903,Robert,Burke,1936-07-04,Diane,Carter,1968-07-09,Katherine,Ryan,2010-12-31
Eszopiclone,21695-226,Nicholas,Ray,1901-11-14
Piroxicam,60429-300,Robin,Cruz,1917-01-10
Salicylic Acid,49035-023,Jacqueline,Torres,1975-08-10
Podophyllum Peltatum,60512-1038,Angela,Marshall,1917-02-08,Todd,Fernandez,1943-07-03
Raltegravir,49349-430,Alice,Rodriguez,1945-11-10,Henry,Hamilton,1994-02-07
Guaifenesin And Dextromethorphan Hydrobromide,54868-5853,Lois,Cole,1917-04-12
Clobetasol Propionate,0299-3847,Christine,Jones,1990-02-22,Adam,Bennett,1946-02-17
Prednisone,61919-326,Sandra,Riley,1942-01-18,Kathryn,Armstrong,1947-08-21
Morphine Sulfate,52533-059,Theresa,Walker,1996-07-26
Allergenic Extracts Alum Precipitated,0268-0044,Patrick,Campbell,1955-08-22
Lidocaine Hydrochloride,17478-711,William,Lopez,1944-06-26,Ann,Peterson,1913-09-02,Cynthia,Hayes,1984-07-15
Penciclovir,49349-742,Theresa,Walker,1996-07-26
Ethylhexyl Methoxycinnamate 7.5% Benzophenone-3 6% Ethylhexyl Salicylate 5% Butyl Methoxydibenzoylmethane 1%,66915-605,Roy,Rose,1985-07-09,Samuel,Allen,1910-02-01
Aluminum Zirconium Tetrachlorohydrex Gly,64942-1205,Scott,Fox,1976-08-09,Clarence,Murphy,1976-07-10,Juan,Matthews,1939-09-06
Zinc Oxide,62742-4064,Debra,Webb,1915-01-17
Alcohol,42669-002,James,Austin,1959-02-20
Sodium Fluoride,68400-135,Helen,Watson,1924-11-16,Roger,Watkins,1993-11-12
Tretinoin,54868-0267,Emily,Ford,2006-10-15
Epicoccum Nigrum,36987-1966,Barbara,Harris,2004-12-25
Amoxicillin,67253-151,Thomas,Morris,2011-05-12
Triclosan,41520-170,Sharon,Evans,1957-10-31,Robert,Burke,1936-07-04,Sandra,Riley,1942-01-18
Honey Bee Hymenoptera Venom Multidose,65044-9940,George,Mcdonald,2006-09-23,Christopher,Gutierrez,1948-11-08,Gregory,Jacobs,1959-04-25
Dextromethorphan Hydrobromide And Guaifenesin,33992-0109,Jean,Gutierrez,1997-06-29
Triclosan,52545-505,Nicole,Owens,1924-08-31,Rachel,Nichols,1907-08-17
Aspirin,49614-535,Tina,Larson,1918-12-05,Marie,Flores,1936-12-11,Phillip,Fowler,1996-11-11
Zonisamide,64679-945,Martha,Fernandez,1922-05-25,Craig,Morgan,1955-10-02,Joseph,Russell,1924-03-21
Pazopanib Hydrochloride,0173-0804,Earl,Reid,2015-12-21
Black Pollen Walnut,0268-6674,Louis,Adams,1950-12-28,Julie,Wood,1942-12-11,Henry,Austin,1968-05-31
Divalproex Sodium,55111-531,Jean,Scott,1988-11-19
Calendula Officinalis Flowering Top And Hamamelis Virginiana Root Bark/Stem Bark And Arnica Montana Root And Aconitum Napellus And Atropa Belladonna And Bellis Perennis And Matricaria Recutita And Echinacea Unspecified And Echinacea Purpurea And Achillea Millefolium And Calcium Sulfide And Mercurius Solubilis And Comfrey Root And Hypericum Perforatum And,50114-7120,Judy,Clark,1938-02-15
Norethindrone,68180-877,Janice,Wells,1905-04-02,Kevin,Dixon,1932-01-05
Pyrithione Zinc,64942-1248,Christine,Martinez,1999-08-06,Norma,Fox,1956-09-29,Irene,Rice,2015-02-01
Docusate Sodium Sennosides,49035-161,Albert,Knight,1912-09-19,Brenda,Grant,1919-10-30,Phillip,Owens,2001-02-15
Oxycodone Hydrochloride And Acetaminophen,16590-620,Joshua,Jenkins,1998-04-03,Lori,Lee,1941-02-01,Matthew,Watson,1942-06-06
Dextromethorphan Hbr Guaifenesin,36800-578,Deborah,Carr,1938-12-25,Barbara,Powell,1976-06-04,Teresa,Willis,1970-12-11
Triclosan,41250-167,Evelyn,Harper,1931-11-07,Arthur,Rice,2016-06-04
Ailanthus,36987-3359,Charles,Gray,1936-09-02,Fred,Garza,1923-03-24,Raymond,Rodriguez,1963-12-31
Hydromorphone Hcl,52533-002,Antonio,Carr,2013-01-10,Frances,Turner,1943-07-25
Eszopiclone,42043-322,Sarah,Weaver,1950-11-04,Shawn,Owens,1934-01-04
Sulfamethoxazole And Trimethoprim,24236-012,Nicholas,Powell,1933-05-31
Warfarin Sodium,52125-575,Mildred,Reid,1991-04-10,Keith,Sims,1908-09-17,Catherine,Howell,2003-11-06
Doxercalciferol,58468-0121,Harold,Walker,1941-02-10,Craig,Perez,1965-06-15,Dorothy,Reynolds,1910-07-05
Walnut,51096-0004,Lawrence,Gonzales,1963-12-06,Paula,Stone,2006-08-21
Benzalkonium Chloride,61856-101,Theresa,Jacobs,2005-08-14
Ammonium Molybdate,0517-6610,Jonathan,Banks,1966-11-19
Bacitracin Zinc Polymyxin B Sulfate Neomycin Sulfate,59898-740,William,Jenkins,1964-12-22
Octinoxate Titanium Dioxide And Zinc Oxide,43419-011,Anna,Wilson,1993-07-14
Bismuth Subcitrate Potassium Metronidazole Tetracycline Hydrochloride,58914-600,Antonio,Cook,1980-05-26
Cetirizine Hydrochloride,52125-332,Christina,Garrett,1932-06-07,Cheryl,Peterson,2011-02-21
Ibuprofen,57910-300,Steve,Hall,1991-02-13
Acetylcholine Chloride,57520-0835,Samuel,Mendoza,1917-01-05,Mildred,Reid,1991-04-10,Nicholas,Allen,2005-11-07
Phenylephrine Hcl,63868-144,Wayne,Rice,1951-08-25,Shirley,Jenkins,1996-08-01,Lawrence,Lopez,1963-12-10
Arnica Dulcamara Berberis Bryonia Rhus Tox,68703-087,Anthony,Cook,1937-07-14,Rebecca,Rice,1974-01-07
Ethyl Alcohol,12462-601,Elizabeth,Stephens,1935-05-03,Diane,Cox,1979-10-01,Earl,Reid,2015-12-21
Lorazepam,49999-122,Judith,Gordon,1992-07-23,John,Reynolds,1976-02-01,Christopher,Gutierrez,1948-11-08
Tangerine,36987-1377,Sarah,Cooper,1911-03-19,Gary,Bell,1963-10-31
Chelidonium Majus Echinacea (Angustifolia) Hydrastis Canadensis Nasturtium Aquaticim Taraxacum Officinale Trifolium Pratense Urtica Dioica,43857-0289,Carlos,Lane,1904-08-09,Raymond,Rodriguez,1963-12-31
Dextromethorphan Hbr Doxylamine Succinate,42507-031,Gary,Burns,1922-03-06,Kimberly,Olson,1985-05-23
Titanium Dioxide Octinoxate,60905-0008,Russell,Ramos,1954-11-14,Sarah,Cooper,1911-03-19,Harold,Walker,1941-02-10
Ibuprofen,41520-461,Kelly,Ray,1924-06-17,Debra,Wood,1982-07-30
Pramoxine Hydrochloride,0496-0748,Robert,Patterson,2012-07-31
Triclosan,66949-207,Aaron,Gordon,1972-05-31,Stephen,Nichols,1928-03-24
Acetaminophen,0113-0759,Joyce,Brown,1994-08-23,Wayne,Richards,1953-05-27
Octinoxate Oxybenzone Octisalate And Avobenzone,67938-0802,Carolyn,Lee,1909-10-27
Pyrithione Zinc,36800-427,Peter,Collins,1955-12-21,Denise,Gomez,1960-08-06
Bismuth Subsalicylate,11822-0210,Ruby,Webb,2000-04-02,Lisa,Henderson,1908-06-23,Patrick,Willis,2015-10-12
Metformin Hydrochloride,65862-291,Jane,Robertson,1913-04-11
Promethazine Hydrochloride,43063-060,Tina,Stanley,1950-12-26,Ashley,Pierce,1971-12-27,Marie,Gardner,1934-03-25
Alendronate Sodium,41616-636,Robin,Day,1943-12-12,Catherine,Jordan,1995-08-02
Fluoxetine Hcl,49909-005,Ann,Martin,1971-07-06
Piperacillin And Tazobactam,60505-0687,Fred,Garza,1923-03-24
Montelukast Sodium,21695-221,Elizabeth,Miller,1921-01-08,Aaron,Davis,1925-12-27,Heather,Henderson,1919-08-11
Acetaminophen Dextromethorphan Hydrobromide Doxylamine Succinate,14505-399,Daniel,Wagner,1908-08-02
Calcium Carbonate,15127-210,Bobby,Washington,1985-01-24
Mepivacaine Hydrochloride,63323-293,Donna,Snyder,2013-04-22
Neurospora Spp,0268-6539,Melissa,Coleman,1931-02-22,Mark,Perkins,1962-01-02
Octinoxate And Titanium Dioxide,52686-276,Elizabeth,Rogers,1971-04-12
Titanium Dioxide,66184-525,Joan,Mills,1929-03-22,Todd,Hayes,1916-05-14,Andrea,Burton,1951-07-27
Avobenzone Octinoxate Octisalate,68026-241,Benjamin,Webb,1957-04-01,Marilyn,Stevens,1958-04-03,Ralph,Morgan,2012-04-11
Sennosides,46122-256,Raymond,Wilson,1992-01-21
Zinc Gluconate,61941-0052,Raymond,Nguyen,1952-11-25,Louis,Lee,1901-01-12
Clemastine Fumarate,0113-0282,Earl,Bell,1944-08-12,Gerald,Wagner,1928-11-25,Joan,Cook,2010-02-07
Amnion 30,48951-1028,Marilyn,Romero,1953-06-28
Zaleplon,52959-957,Jessica,Carpenter,1940-02-11,Susan,Arnold,1959-03-08
Aceticum Acidum Colchicum Autumnale Lacticum Acidum Lycopodium Clavatum Phosphoricum Acidum Phosphorus Syzgium Jambolanum Uranium Nitricum,57520-0436,Carl,Thomas,2014-09-24,Elizabeth,Rogers,1971-04-12,Angela,Marshall,1917-02-08
Salicylic Acid,68828-074,Nicole,Jones,1961-04-13,Heather,Hernandez,1932-04-05
Aluminum Hydroxide And Magnesium Carbonate,57896-617,Kevin,Reed,1984-03-13
Oxygen,50789-436,Scott,Long,1981-10-15,James,Kelley,1936-06-27,Roger,Parker,1954-12-27
Number Three Pine Mixture,49288-0402,Matthew,Watson,1942-06-06,Patrick,Rice,1934-11-19
Simvastatin,54458-899,Robert,Patterson,2012-07-31
Diphenhydramine Hydrochloride,59779-048,Patricia,Greene,1966-07-05,Edward,Sims,1922-01-14
Acetaminophen,11822-0161,Jane,Nguyen,1979-09-25,Lillian,Flores,1926-10-04,Steve,Johnson,2000-12-08
Metoclopramide Hydrochloride,0591-2467,Phyllis,Sullivan,1951-01-22,Mary,Schmidt,1948-03-25,Clarence,West,1966-09-03
Bethanechol Chloride,60429-342,Arthur,Rice,2016-06-04,Alice,Ellis,1965-09-06,Heather,Brown,1992-05-02
Hydrochlorothiazide,49349-681,Catherine,Gardner,2011-05-31
Fluoxetine Hydrochloride,51138-095,Martha,Mills,2003-08-28,Thomas,Riley,1982-09-16,Dennis,Nelson,1933-09-14
Thiothixene,0378-2002,James,Hansen,1935-04-29,Edward,Foster,1910-06-11,Sandra,Harris,1953-06-16
Depressoforce,57520-0080,Ashley,Shaw,1994-01-31
Alcohol,59779-100,Lillian,Flores,1926-10-04,Martha,Chapman,2000-07-14
Mirtazapine,0093-7206,Ashley,Holmes,1989-02-11,Earl,Schmidt,1975-07-06,Daniel,Price,1984-11-08
Pyrithione Zinc,51143-153,Stephen,Nichols,1928-03-24,Jason,Smith,1927-11-07
American Cockroach,0268-0711,Timothy,Stewart,1902-09-16,Peter,Banks,1937-03-10
Albumin Human,67467-623,Benjamin,Webb,1957-04-01,Brenda,Lee,1961-09-27,Jonathan,Nguyen,1939-11-09
House Fly,36987-1788,Sean,Peters,1940-09-18
Captopril,63629-2896,Justin,Edwards,2001-07-09
Alternaria Alternata,49288-0001,Chris,Anderson,1940-12-10
Paroxetine Hydrochloride,16590-514,Andrew,Howard,2007-04-09,Diane,Rogers,1942-02-06,Jerry,Bennett,1974-06-15
Doxylamine Succinate,41268-441,Gerald,Baker,1967-09-22,Gregory,Adams,1956-08-13,Phillip,Cook,1939-10-09
Loratadine Pseudoephedrine Sulfate,41250-165,Daniel,Price,1984-11-08
Clobetasol Propionate,68788-9803,Ronald,Tucker,1985-05-06
Ibuprofen,41163-392,Rachel,Sanchez,1979-10-12,Gregory,Owens,1920-01-27,Aaron,Cook,2006-09-19
Metformin Hydrochloride,0904-6091,Sharon,Cruz,1985-03-09
Cetirizine Hydrochloride,49035-458,Phillip,Cook,1939-10-09,Ernest,Boyd,1959-02-04
Avobenzone Homosalate Octisalate And Octocrylene,37000-274,John,Hall,1935-01-08,Martin,Sims,1917-06-10,Nicholas,Willis,1910-05-07
Piperacillin And Tazobactam,44567-804,Kelly,Carter,1951-06-27
Bacitracin Zinc Neomycin Sulfate And Polymyxin B Sulfate,41163-016,Michelle,Gardner,1961-06-08,Jean,Day,1968-08-11
Nabumetone,54868-4558,Andrea,Carter,1916-01-18
Avobenzone 2.5% Octinoxate 6% Oxybenzone 3%,54473-219,Elizabeth,Rogers,1971-04-12,Julie,Wood,1942-12-11,Teresa,Nelson,1969-03-29
Avobenzone Homosalate Octisalate Octocrylene Oxybenzone,63354-782,Christine,Martinez,1999-08-06
Vitamin C Calcium Iron Vitamin D3 Vitamin E Thiamin Riboflavin Niacinamide Vitamin B6 Folic Acid Iodine Zinc Copper Docusate Sodium,0178-0858,Carol,Reyes,1939-10-19,Shawn,Ward,1966-12-07
Titanium Dioxide,67345-6088,Rebecca,Edwards,1927-11-09,Frances,Gibson,2006-12-28
Triclosan,43269-861,Martin,Stephens,1977-12-02,Brian,Green,2014-08-19,Robert,Stevens,1921-06-13
Horse Epithelia,0268-0632,Joyce,Carr,1959-11-16,Doris,Shaw,1960-04-10
Salicylic Acid,61995-1107,Larry,Harrison,1945-05-15,Donna,Simpson,1935-10-15
Water,52584-887,Katherine,Stephens,1914-03-09,Terry,Cooper,1976-12-15,Marilyn,Romero,1953-06-28
Telmisartan And Hydrochlorothiazide,35356-299,Cynthia,Hayes,1984-07-15,Kathryn,Mendoza,1988-03-27,Edward,Sims,1922-01-14
Desonide,16110-111,Steven,Mcdonald,1923-05-31,Sarah,Peterson,1982-11-09
Pseudoephedrine Hcl,41268-432,Catherine,Howell,2003-11-06,Mildred,Martin,1965-02-03,Deborah,Gonzalez,2013-12-30
Flounder,36987-1211,Katherine,Simpson,1908-11-09
Enoxaparin Sodium,0548-5605,Ronald,Owens,1998-03-06,Angela,Crawford,1977-02-22,Frank,Henderson,1981-05-31
Nifedipine,55154-4837,Sandra,Bishop,1922-09-03,James,Kelley,1936-06-27
Olopatadine Hydrochloride,35356-477,Helen,Watson,1924-11-16,Dorothy,Owens,1923-09-21,Kimberly,Kelly,1927-12-27
Lithium Carbonate,0054-0020,Anne,Lewis,1946-03-08
Zinc Oxide Menthol,55628-9109,Robert,Gilbert,2009-02-27,Susan,Arnold,1959-03-08,Kathryn,Gonzales,1901-07-12
Triclosan,43269-889,Ashley,Shaw,1994-01-31,Rachel,Fisher,1913-10-25,Jose,Johnson,1955-11-10
Niacin,68180-221,Wayne,Richards,1953-05-27,Donald,Parker,2008-05-20
Capsaicin,59779-770,Jack,Cooper,2010-04-26,Mark,Kelly,1906-10-09
Sodium Fluoride,66467-3750,Martin,Franklin,1998-09-24,Stephen,Smith,1995-01-03,Jennifer,Myers,1905-12-19
Tizanidine Hydrochloride,68084-645,Matthew,Sullivan,1951-12-04,Joyce,Brown,1994-08-23,Gerald,Payne,1948-05-11
Ambrosia Trifida Pollen,54575-146,Patrick,Taylor,1971-07-21,Justin,Hernandez,1992-02-09
Titanium Dioxide And Octinoxate,64159-7699,Joe,Cook,1908-12-13,Clarence,West,1966-09-03
Rifampin,54868-5472,Linda,Ellis,1996-09-29,Mildred,Reid,1991-04-10
Cocculus Indicus,60512-6608,Nicole,Owens,1924-08-31,James,Webb,1985-05-04
Loratadine,66715-9732,Emily,Henderson,1906-09-29,Louis,Hunt,1933-06-14,Phyllis,Jordan,1938-10-16
Risperidone,13668-040,Pamela,Mills,1923-11-03,Barbara,Harris,2004-12-25
Topiramate,68258-7056,Alice,Rivera,2016-10-30
Alcohol,37012-370,Melissa,Coleman,1931-02-22,Robert,Reed,1902-06-29
Loperamide Hydrochloride,55154-6223,Aaron,Gordon,1972-05-31
Pamidronate Disodium,63323-734,Raymond,Ford,1909-03-16,Brenda,Gonzales,2010-03-01
Phleum Pratense Pollen,54575-107,John,Hall,1935-01-08
Dexmethylphenidate Hydrochloride,16590-649,Catherine,Stephens,1951-07-08,Karen,Gomez,1948-01-04
Midodrine Hydrochloride,21695-181,Brenda,Tucker,1919-02-19,Eric,Garza,2001-07-01,Andrew,Howard,2007-04-09
Omalizumab,50242-040,Roger,Baker,1906-04-23,Pamela,Flores,2008-12-28,Eric,Harvey,1978-03-23
Alcohol,51811-374,Rachel,George,1998-02-17,Harry,Hernandez,1935-06-10
Venlafaxine Hydrochloride,49349-913,Christina,Gomez,2002-05-05,Jesse,Ortiz,1979-11-04,Anne,Lawson,2005-02-10
Metformin Hydrochloride,52125-541,Lisa,Cooper,1954-05-02,Frank,Morris,1946-04-24,Katherine,Simpson,1908-11-09
Acer Saccharinum,49643-304,Billy,Ellis,1925-08-02
Ibuprofen,55910-026,Albert,Webb,1988-05-24
Fibrinogen Human And Thrombin Human,0944-4201,Larry,Watkins,1998-04-17,Michelle,Gardner,1961-06-08,Christine,Armstrong,1910-04-25
Aspirin,56062-259,Emily,Ford,2006-10-15
Dextromethorphan Hbr And Guiafenesin,68788-0839,Jonathan,Hamilton,1958-04-02,Diane,Wells,1972-03-06
Temozolomide,47335-890,Angela,White,1991-12-22,Walter,Bennett,1998-02-19,Anthony,Payne,2011-07-20
Octinoxate And Titanium Dioxide,67938-2027,Brenda,Ward,1989-05-11
Titanium Dioxide Octinoxate,51523-106,Roger,Frazier,1921-03-10
Camphor Menthol And Methyl Salicylate,48256-0011,Shawn,Cunningham,1916-08-18
Acetaminophen Dextromethorphan Hbr Doxylamine Succinate,59779-908,Karen,Gomez,1948-01-04
Silver Nitrate,10481-1053,Adam,Bennett,1946-02-17,Carolyn,Lee,1909-10-27
Nizatidine,0185-0150,Jennifer,Wright,1922-03-23,Janice,Gray,1930-08-11
Nisoldipine,59630-500,Samuel,Allen,1910-02-01
Diclofenac Potassium,13913-008,Aaron,Gordon,1972-05-31
Polyethylene Glycol 3350 Sodium Sulfate Anhydrous Sodium Bicarbonate Sodium Chloride Potassium Chloride,52268-100,Daniel,Gonzalez,1996-02-25,Jack,Robertson,1912-04-02,Ronald,Owens,1998-03-06
Oxygen,64680-0001,Sarah,Lynch,1942-08-19,Russell,Hamilton,1964-06-17,Paul,Cook,2004-12-02
Asparaginase,57902-249,Harry,Hill,1959-03-04,Nicole,Peterson,1918-09-19
Oxygen,42914-001,Clarence,West,1966-09-03,Christina,Gomez,2002-05-05
Haloperidol Decanoate,0703-7013,Margaret,Perry,1998-08-14,Harry,Powell,1936-02-23
Alcohol,60742-200,Helen,Fox,1901-08-22,Melissa,Graham,1982-09-28,Larry,Allen,1919-07-14
Gabapentin,59115-086,Debra,Sanders,2013-09-09,Jerry,Bennett,1974-06-15
Temazepam,0406-9915,Katherine,Ryan,2010-12-31
Primidone,55111-477,Denise,Taylor,1929-03-18
Isopropyl Alcohol,52164-1101,Rose,Jacobs,1920-01-02,Lois,Green,1972-07-19
Dolichos Pruriens Rhus Toxicodendron Urtica Urens,34666-111,Donna,Duncan,1946-11-02,Walter,Allen,1950-09-13,Eugene,Lane,1942-02-05
Naproxen,63629-3202,Ann,Peterson,1913-09-02,Harold,Burke,1958-04-18
Clemastine Fumarate,36800-282,Anna,Medina,1968-11-26,Catherine,Jordan,1995-08-02,Samuel,Lynch,2004-07-17
Ibuprofen,67877-296,Diane,Snyder,1941-09-14,Doris,Anderson,1937-08-26,Lawrence,Andrews,2016-09-02
Octinoxate And Oxybenzone,14783-328,Dorothy,Carpenter,1973-01-26,Julie,Wood,1942-12-11,Michelle,Gardner,1961-06-08
Lorazepam,68084-413,Martin,Stephens,1977-12-02
Clarithromycin,68084-437,Katherine,Ryan,2010-12-31,Heather,Hart,2000-06-15
Pegvisomant,0009-5178,Harry,Green,1902-04-14,Annie,Welch,2007-03-27
Fluorouracil,63323-117,Adam,Arnold,1920-06-28,Martin,Sims,1917-06-10
Povidone-Iodine,52380-3101,Fred,King,1956-03-15,Adam,Bennett,1946-02-17
Pseudoephedrine Hcl,41190-432,Elizabeth,Flores,1921-04-13
Naproxen Sodium,53746-193,Patrick,Taylor,1971-07-21,Shawn,Brooks,1949-05-27
Lidocaine,52584-904,Janet,Stone,1922-09-29,Cheryl,Howard,1958-09-14,Richard,Banks,1976-04-03
House Dust,49288-0180,Henry,Scott,1988-04-12,Carl,Thomas,2014-09-24
Rat Epithelium,36987-1109,Theresa,Walker,1996-07-26
Aluminum Chlorohydrate,55504-0230,Eric,Welch,1944-11-03,James,Austin,1959-02-20,Anna,Ramos,1990-06-26
Tacrolimus,0781-9303,Helen,Payne,1984-06-29
Potassium Nitrate And Sodium Fluoride,51824-472,Angela,White,1991-12-22
Piperacillin Sodium And Tazobactam Sodium,0206-8859,Aaron,Day,1956-06-05,Chris,Anderson,1940-12-10,Donna,Simpson,1935-10-15
Colloidal Sulfur 3%,66915-450,Nicholas,Powell,1933-05-31,Jonathan,Morales,1906-01-17
Sodium Fluoride,53045-203,Victor,Bailey,1947-12-13,Earl,Reid,2015-12-21,Marilyn,Owens,1920-06-14
Zolpidem Tartrate,35356-845,Doris,Shaw,1960-04-10,Anne,Lawson,2005-02-10,Theresa,Walker,1996-07-26
Tizanidine Hydrochloride,49999-347,Emily,Bowman,2001-07-17,Billy,Ellis,1925-08-02
Naproxen,49349-684,Louis,Butler,1942-10-01
Avobenzone Homosalate Octisalate Octocrylene Oxybenzone,49967-029,Wanda,Brown,1974-06-15
Hyoscyamine Sulfate,43063-321,Shawn,Owens,1934-01-04
Oxycodone Hydrochloride And Acetaminophen,43063-279,Denise,Ford,1920-10-20,Carolyn,Lee,1909-10-27,Mildred,Thompson,1912-08-07
Titanium Dioxide,67345-6088,Dorothy,Stewart,1947-02-01,Ryan,Holmes,1959-10-01
Olmesartan Medoxomil,54868-4986,Gerald,Richardson,1938-03-14,Angela,Peters,2006-11-30,Doris,Shaw,1960-04-10
Aluminum Chlorohydrate,10096-8811,Diane,Peters,2002-10-29,Jerry,Bennett,1902-02-06,Donna,Duncan,1946-11-02
Nitrofurantoin (Monohydrate/Macrocrystals),10544-279,Steve,Richardson,1987-09-16
Cephalexin,64725-1021,Richard,Sanchez,1918-08-23
Octinoxate And Titanium Dioxide,67938-0944,Ralph,Morgan,2012-04-11,Jerry,Robertson,1956-02-04,Matthew,Phillips,1929-06-22
Lorazepam,63739-156,Wayne,Romero,1948-01-28,Margaret,Nelson,1941-10-18,Stephanie,Murray,1991-02-19
Risperidone,68382-113,Stephen,Richardson,1957-02-27,Kenneth,Bennett,1996-11-24
Sodium Fluoride,68987-024,Judy,Clark,1938-02-15
Acetazolamide,60429-034,Jerry,Stone,1940-08-05,Kathryn,Young,1925-12-24
Vertebra Lumbalis 6,48951-9040,Angela,Peters,2006-11-30,Sandra,Morris,1907-02-04
Octinoxate And Titanium Dioxide,52686-252,Sandra,Jones,2007-08-01,Raymond,Rodriguez,1963-12-31
Ibuprofen,55315-291,Donald,Brooks,2004-10-21,Diane,Cox,1979-10-01,Kathleen,Wheeler,1972-03-11
Metoprolol Succinate,64679-735,Anna,Medina,1968-11-26
Hydrocodone Bitartrate And Acetaminophen,0591-0349,Antonio,Carr,2013-01-10,Christopher,Gutierrez,1948-11-08,Bobby,Washington,1985-01-24
American Beech,36987-2524,Patrick,Harper,1979-12-01
Saxagliptin,0003-4214,Frank,Cole,1907-05-06
Avobenzone Homosalate Octisalate And Octocrylene,49967-295,Ryan,Holmes,1959-10-01
Lidocaine,61543-1613,Sara,Perkins,1955-04-16
Lombardy Poplar,36987-3012,Michelle,Brown,1977-06-06,Antonio,Lee,1934-02-22,Diane,Carter,1968-07-09
Zonisamide,60505-2547,Jacqueline,Nelson,2005-04-19,Margaret,Pierce,1904-09-19
Lycopodium Clavatum Pulsatilla,57520-0176,Bobby,Moore,1998-10-30
Piperonyl Butoxide Pyrethrum Extract,11673-173,Jessica,Lane,1966-03-22,Jack,Cooper,2010-04-26,Phillip,Cook,1939-10-09
Levocetirizine Dihydrochloride,50474-921,Norma,Garcia,1993-09-24,Nicholas,Allen,2005-11-07,Aaron,Carter,1991-01-11
Asterias Rubens Bryonia Conium Maculatum Galium Aparine Hoang-Nan Lachesis Mutus Nux Vomica Ova Tosta Sepia And Viscum Album,45984-0002,Keith,Sims,1908-09-17,Julie,Fields,1911-02-03
Zolpidem Tartrate,35356-845,Peter,Marshall,1957-07-06,Ralph,Medina,1987-05-15
Oxycodone Hydrochloride,23635-580,Roy,Woods,1984-11-18
Epiphysis Plumbum,48951-4027,Christine,Holmes,1959-12-13,Joshua,Welch,1984-10-04,Lillian,Harvey,1973-11-18
Lisinopril And Hydrochlorothiazide,10544-564,Bobby,Washington,1985-01-24
Mineral Oil,49348-553,Charles,Baker,1938-11-23,Frances,Turner,1943-07-25,Martin,Stephens,1977-12-02
Corn Grain,36987-1626,Antonio,Martinez,1987-09-06,Jose,Johnson,1955-11-10,Johnny,Barnes,1907-06-06
Carp,49288-0103,Charles,Gray,1936-09-02
Aconitum Nap. Apis Mel. Arum Dracontium Belladonna Bryonia Cajuputum Ferrum Phosphoricum Glycyrrhiza Glabra Kali Bic. Lachesis Mentha Piperita Merc. Viv. Naja Nat. Carb. Nat. Sulphuricum Nitricum Ac. Nux Vom. Phosphorus Phytolacca Pulsatilla Spongia Stannum Met. Sticta Thuja Occ. Ulmus Fulva Verbascum Echinacea,55714-2248,Robert,Patterson,2012-07-31,Bobby,Duncan,1929-04-20
Rhizopus Oryzae,36987-2074,Donna,Welch,2001-08-08,Alice,Arnold,2015-05-28
Clopidogrel Bisulfate,55111-196,Frances,Payne,1972-12-23,Emily,Henderson,1906-09-29,Janet,Rodriguez,1958-04-13
Aluminum Zirconium Trichlorohydrex Gly,10889-110,Gerald,Richardson,1938-03-14
Cholesterinum Histaminum Hydrochloricum Menadione Pyrrole Alpha-Lipoicum Acidum Ascorbic Acid Atp Fel Tauri Gallbladder Hepar Suis Sarcolacticum Acidum Adrenocorticotrophin Arsencium Album,43742-0363,Diane,Cox,1979-10-01
Gabapentin,43547-332,Thomas,Andrews,1993-02-18,Carol,Bradley,1919-11-03
Ethyl Alcohol,58194-013,Lisa,Henderson,1908-06-23,Robert,Williamson,2002-05-20,Theresa,Jacobs,2005-08-14
Amantadine Hydrochloride,54868-3216,Patrick,Mitchell,1954-10-05
Loratadine,0067-6122,Brenda,Tucker,1919-02-19
Ibuprofen,55316-255,John,Harper,1980-11-10,Henry,Austin,1968-05-31
Naproxen And Esomeprazole Magnesium,16590-957,Carol,Bradley,1919-11-03
Sodium Fluoride,49035-163,Catherine,Hill,1907-05-01
Titanium Dioxide And Octinoxate,61601-1193,Brenda,Tucker,1919-02-19
Hamamelis Aesculus,48951-5032,Heather,Hart,2000-06-15,Bobby,Collins,1992-02-25
Salicylic Acid,58268-013,Gregory,Jacobs,1959-04-25
Salicylic Acid,11523-0464,Jonathan,Henry,1998-01-21,Jessica,Lane,1966-03-22
Meloxicam,0093-7234,Helen,Watson,1924-11-16,Billy,Long,1928-03-27,Victor,Webb,1972-01-02
Cefpodoxime Proxetil,52343-020,Fred,Shaw,2010-08-15
Chromium Gtf Hypothalamus Hcg Garcinia Cambogia,57520-0241,Donna,Hunt,1985-02-24
Chlorpheniramine Maleate Dextromethorphan Hydrobromide Phenylephrine Hydrochloride,49963-532,Brenda,Tucker,1919-02-19
Fosfomycin Tromethamine,0456-4300,Justin,Hernandez,1992-02-09,James,Hansen,1935-04-29
American Elm,49288-0191,Larry,Hayes,1972-11-14,Matthew,Phillips,1929-06-22,Bruce,Daniels,1942-12-05
Glipizide,52125-971,Ruth,Williamson,1953-03-17,Anne,Lawson,2005-02-10
Alfuzosin Hydrochloride,60505-2850,Larry,Peterson,1982-05-02
Metoprolol Tartrate,21695-298,Frank,Morris,1946-04-24,Cynthia,Hayes,1984-07-15,Paula,Ruiz,1960-02-17
Alprostadil,0703-1501,Joyce,Carr,1959-11-16
Albuterol Sulfate,21695-332,Anna,Watson,2015-06-09
Lovastatin,53489-607,Brenda,Grant,1919-10-30,Gerald,Fernandez,1978-04-16,Marie,Flores,1936-12-11
Quetiapine Fumarate,0781-5346,Martha,Davis,1913-04-12,Kevin,Dixon,1932-01-05,Kimberly,Chapman,1904-05-15
Acamprosate Calcium,68151-4760,Emily,Henderson,1906-09-29,Karen,Brooks,1964-12-08
Dicyclomine Hydrochloride,42254-057,Linda,Burns,1932-08-28,Justin,Dean,2006-08-26,Anna,Wilson,1993-07-14
Stemphylium Spp,0268-6555,Terry,Patterson,1932-01-11,Christopher,Lee,2009-12-22
Croton Tiglium Natrum Muriaticum Plantago Major Rhus Toxicodendron Sarsaparilla,43846-0028,Harold,Johnson,1923-09-16,Harry,Stephens,1975-07-13,Rebecca,Scott,1922-12-20
Salicylic Acid,40046-0068,Adam,Arnold,1920-06-28,Katherine,Cunningham,1974-01-21
Avobenzone Octocrylene Oxybenzone,63354-163,Jesse,Fowler,1917-05-23
Methotrexate,67457-480,Jessica,Gomez,2007-11-06,Jean,Scott,1988-11-19,Bruce,Gonzalez,1934-11-14
Octinoxate Octisalate Titanium Dioxide,42627-256,Kimberly,Kelly,1927-12-27,Harold,Cook,1905-01-13,Ann,Price,1991-08-27
Furosemide,49349-586,Andrea,Lawrence,1992-03-15,Terry,Burke,1970-09-21,Joshua,Peters,1923-08-17
Ibuprofen,10202-897,Charles,Baker,1938-11-23,Joshua,Ellis,1959-03-18,Julia,Jackson,1973-05-17
Acetaminophen,10202-130,Betty,Griffin,2013-01-05,Jason,Foster,2016-06-16
Minocycline Hydrochloride,65862-558,Samuel,Turner,1992-01-26,Alice,Arnold,2015-05-28,Gary,Gonzales,1901-10-24
Erythromycin Ethylsuccinate,24338-130,Judy,Clark,1938-02-15
Amlodipine Besylate,60505-0194,Martin,Stephens,1977-12-02,Rebecca,Johnson,1927-09-23,Amanda,Ray,1960-05-08
Enoxaparin Sodium,0548-5633,Catherine,Howell,2003-11-06
Octinoxate Octisalate Oxybenzone,42627-211,Mildred,Reid,1991-04-10,Julie,Wood,1942-12-11
Loxapine,51079-903,Justin,Willis,1921-10-27,Samuel,Garza,1909-11-03
Anthracinum Arnica Montana Bellis Perennis Calendula Officinalis Echinacea Hamamelis Virginiana Hypericum Perforatum Pyrogenium,50845-0183,William,Jenkins,1964-12-22,Catherine,Gardner,2011-05-31,Nicole,Scott,1992-07-29
Phenytoin,68094-533,Lisa,Long,1946-01-23,Rachel,Sanchez,1979-10-12,Johnny,Wilson,1933-12-27
Acyclovir,68382-792,Eugene,Thomas,1983-05-11,Roger,Long,1999-11-14,Justin,Willis,1921-10-27
Octinoxate Octisalate Oxybenzone,64760-208,Earl,Ortiz,1948-11-11,Gerald,Baker,1967-09-22,Matthew,Phillips,1929-06-22
Ceftaroline Fosamil,0456-0600,Chris,Anderson,1940-12-10
Benzoyl Peroxide,49035-022,Shawn,Cunningham,1916-08-18,Ashley,Shaw,1994-01-31
Risperidone,43353-754,Ralph,Bryant,1912-08-07,Norma,Fox,1956-09-29
Eliglustat,58468-0220,Nicholas,Cook,1963-08-12,Billy,Garza,1965-10-30,Richard,Ellis,1955-12-26
Acetaminophen Dextromethorphan Hydrobromidephenylephrine Hydrochloride,11822-2104,Sandra,Bishop,1922-09-03,Mildred,Perry,1947-09-15,Susan,Arnold,1959-03-08
Octinoxate Oxybenzone,61852-977,Jose,Lynch,2008-06-28,Brenda,Lee,1961-09-27,Lois,Murray,1973-08-14
Allergenic Extracts Alum Precipitated,0268-0183,Stephen,Richardson,1957-02-27,Craig,Morgan,1955-10-02
Prednisone,16590-373,Donna,Kelley,1986-04-12,Karen,Bradley,1954-10-18
Lappa Major Phytolacca Decandra Trifolium Pratense,57520-0090,Raymond,Sanders,1977-09-07,Betty,Gray,1911-08-14
Gemfibrozil,33261-146,Justin,Murphy,1977-08-22,Jerry,Bennett,1902-02-06,Heather,Hernandez,1932-04-05
Prednisone,24236-217,Jerry,Bennett,1974-06-15,Linda,Burns,1932-08-28
Diphenhydramine Citrate Ibuprofen,21130-050,Walter,Kelley,1968-08-02,Shirley,George,1910-02-08
Ibuprofen,55154-1380,Christopher,Cunningham,1946-02-15,Billy,Ellis,1925-08-02,Paul,Bryant,1960-02-02
Fluphenazine Hydrochloride,0121-0653,Catherine,Hill,1907-05-01,Jose,Johnson,1955-11-10,Sandra,Jones,2007-08-01
Salicylic Acid,65903-247,Dennis,Rogers,1954-11-19,Richard,Sanchez,1918-08-23
Aloe 30C Alumina 30C Arsenicum 30C Nux Vomica 30C Calc Carb 30C Opium 30C Plumbum 30C Podophyllum 30C Pyrethrum 30C Silicea 30C Staphysagria 30C Rheum 30C Urtica Urens 30C,59667-0033,Gary,Gonzales,1901-10-24,Debra,Sanders,2013-09-09,Raymond,Fox,1931-09-12
Lisinopril,35356-948,Anna,Medina,1968-11-26
Phenazopyridine,33261-132,Jacqueline,Moreno,1910-02-18,Janet,Hayes,1937-07-23,Lillian,Riley,1976-06-27
Hydroxyzine Hydrochloride,63629-1751,Ralph,Freeman,1976-06-05,Roger,Watkins,1993-11-12,Edward,Gutierrez,1904-03-30
Rifampin Isoniazid And Pyrazinamide,0088-0576,Ralph,Hawkins,1942-01-21,Jesse,Sanchez,1921-03-16
Hydroxyurea,0555-0882,Lisa,Freeman,1907-11-14
Bryonia Alba Root Causticum Drosera Rotundifolia Ipecac Phosphorus Rumex Crispus Root And Spongia Officinalis Skeleton Roasted,54973-3185,Annie,Gilbert,1908-10-13,Rose,Olson,2015-07-02
Carbamazepine,54868-6074,Karen,Lawrence,1947-06-25,Nicholas,Cook,1963-08-12,Scott,Weaver,1966-09-14
Arsenicum Album Cocculus Indicus Ipecacuanha Kerosotum Petroleum Pulsatilla Sanguinaria Canadensis Tabacum,43857-0221,Jerry,Cruz,1936-06-18
Acetaminophen Dextromethorphan Hbr Guaifenesin Phenylephrine Hcl,11822-3720,Andrew,Burke,1918-10-11,Pamela,Ross,1962-03-02
Calcium Carbonate,55301-489,Earl,Reid,2015-12-21,Terry,Edwards,1902-10-05
Naproxen,33261-081,Marilyn,Romero,1953-06-28,Nicholas,Allen,2005-11-07,Jerry,Bennett,1902-02-06
Titanium Dioxide,75885-040,Helen,Watson,1924-11-16
Sodium Fluoride,49348-603,Tammy,Lawson,1936-07-17,Ashley,Watson,1993-05-02
Gemcitabine Hydrochloride,0591-3562,Bruce,Gonzalez,1934-11-14
Methyl Salicylate,52815-125,Christina,Gomez,2002-05-05
Triclosan,43269-865,Steve,Hall,1991-02-13,Donald,Parker,2008-05-20,Larry,Hunt,2001-10-30
Warfarin Sodium,53808-0334,Craig,Morgan,1955-10-02,Joshua,Henry,1966-06-20,Stephanie,Perkins,1907-01-31
Acetaminophen,55315-101,Aaron,Davis,1925-12-27,Earl,Bell,1944-08-12,Jane,Robertson,1913-04-11
Dexamethasone,0054-3177,Amanda,Murray,1929-02-07,Marie,King,1920-02-09
Caffeine Citrate,55390-357,Heather,Hart,2000-06-15,Edward,Brown,1999-06-21,Carlos,Lane,1904-08-09
Salicylic Acid,55878-103,Judy,Morales,1929-07-21
Alprazolam,0378-5021,Roger,Adams,1910-03-11,Larry,Riley,1999-07-04
Clonidine Hydrochloride,0904-5656,Margaret,Wilson,1963-02-20,John,Henderson,1941-01-19,Donald,Ray,1974-12-06
Titanium Dioxide And Zinc Oxide,98132-136,Jeffrey,Harrison,1921-03-10,Lawrence,Murray,1977-06-28,Walter,Hill,1955-08-22
Cephalexin,68788-9951,Carl,Gardner,1962-07-18,Anthony,Cook,1937-07-14
Acetaminophen Chlorpheniramine Maleate,12753-307,Bobby,Medina,1975-02-27,Shawn,Wheeler,1924-03-30,Ann,Hall,1929-07-31
Banana,36987-1297,Jessica,Carpenter,1940-02-11,Anna,Gibson,1979-06-18
Pseudognaphalium Obtusifolium,64117-145,Brenda,Tucker,1919-02-19
Para Grass Pollen,36987-2350,Jesse,Sanchez,1921-03-16,Jessica,Williamson,2004-11-22
Phentermine Hydrochloride,63629-4385,Brenda,Gonzales,2010-03-01,Gary,Burns,1922-03-06
Linden,36987-2731,Antonio,Martinez,1987-09-06,Kathleen,Mitchell,1947-01-23
Docusate Sodium,54868-6209,Clarence,West,1966-09-03
Minocycline Hydrochloride,55289-201,Donald,Brooks,2004-10-21,Louise,Meyer,1968-10-03,Brian,Greene,1902-07-07
Diltiazem Hydrochloride Extended-Release Tablets,68682-709,Paul,Bryant,1960-02-02,Samuel,Lynch,2004-07-17
Influenza A Virus A/California/7/2009 X-179A (H1N1) Antigen (Formaldehyde Inactivated) Influenza A Virus A/Texas/50/2012 X-223A (H3N2) Antigen (Formaldehyde Inactivated) Influenza B Virus B/Massachusetts/2/2012 Bx-51B Antigen (Formaldehyde Inactivated) And Influenza B Virus B/Brisbane/60/2008 Antigen (Formaldehyde Inactivated),49281-621,Christopher,Harris,1929-07-13
Cephalexin,0143-9897,Stephen,Smith,1995-01-03,Fred,Fisher,1921-10-03,Gloria,Peters,2009-03-14
Paroxetine Hydrochloride,0378-2005,Earl,Ortiz,1948-11-11,Richard,Hanson,1907-12-26
Sertraline Hydrochloride,51079-764,Stephanie,Perkins,1907-01-31,Diane,Cox,1979-10-01
Oxygen,65465-0001,Samuel,Allen,1910-02-01
Midazolam Hydrochloride,17478-524,Jimmy,Price,2003-09-21,Kimberly,Olson,1985-05-23,Stephen,Richardson,1957-02-27
Meclizine Hcl,63868-163,Cheryl,Howard,1958-09-14,Norma,Garcia,1993-09-24
Ciprofloxacin,43063-410,Cynthia,Cooper,2015-11-29
Fludrocortisone Acetate,50268-330,Timothy,Hart,1926-10-01,Susan,Murphy,1936-05-30,David,Robinson,1978-04-28
Bismuth Stibium Wart Relief,48951-2073,Michael,Bennett,1902-06-12
Salicylic Acid,59779-077,Andrea,Price,1954-08-07,Alice,Ellis,1965-09-06,Donna,Duncan,1945-10-16
Eszopiclone,0378-5272,Joan,Robinson,1941-11-28,Theresa,Walker,1996-07-26
Flecainide,63304-796,Denise,Gomez,1960-08-06
Meclizine Hydrochloride,42291-609,Clarence,West,1966-09-03,Lawrence,Andrews,2016-09-02
Zaleplon,0093-5269,Thomas,Andrews,1993-02-18,Margaret,Nelson,1941-10-18,Theresa,Jacobs,2005-08-14
Titanium Dioxide And Octinoxate,61601-1193,Laura,Robertson,1901-02-26,Sandra,Webb,1914-06-12,Tina,Lee,1923-12-23
Guaifenesin And Dextromethorphan,0121-0638,Marilyn,Owens,1920-06-14
Triclosan,76279-420,Billy,Hudson,1994-08-14
Acetaminophen Caffeine,49348-855,Ashley,Watson,1993-05-02,Diane,Snyder,1941-09-14
Aluminum Sesquichlorohydrate,13537-490,Janet,Rodriguez,1958-04-13,Frank,Ramos,2009-10-24
Medicated Lip Balm Stick,0363-6080,Clarence,Murphy,1976-07-10
Sodium Fluoride,37000-822,Karen,Bradley,1954-10-18
Glipizide And Metformin Hydrochloride,0591-3972,Nicole,Scott,1992-07-29
Sodium Monofluorophosphate,65954-587,Margaret,Phillips,1904-08-01,Amanda,Price,1988-12-02,Diane,Carter,1968-07-09
Levofloxacin,0093-7292,Rebecca,Rice,1974-01-07,Ashley,Pierce,1971-12-27,Betty,Griffin,2013-01-05
Octinoxate And Zinc Oxide,76049-879,Ann,Morrison,1930-12-01,Lois,Grant,1979-03-12
Rosuvastatin Calcium,0310-0755,Ann,Price,1991-08-27,Johnny,Montgomery,1929-10-02
Dimethicone,41520-619,Brenda,Phillips,1902-08-02
Diltiazem Hydrochloride,54868-5208,Sarah,Perkins,2005-08-27
Dextrose Monohydrate,0338-6347,Aaron,Gordon,1972-05-31,Christina,Ruiz,1950-10-17
Triclosan,68196-140,Frances,Turner,1943-07-25,George,Anderson,1976-12-20,Bruce,Hall,1999-03-24
Paroxetine,68788-9719,Roy,Simpson,1985-05-15
Baclofen,76237-118,Harry,Hernandez,1935-06-10,Eric,Fuller,1967-05-29,Stephen,Garza,1969-04-10
Colesevelam Hydrochloride,21695-779,Cheryl,Thomas,1950-07-24,Victor,Webb,1972-01-02,Kathleen,Bradley,2008-02-27
Ipratropium Bromide,0054-0046,Andrea,Burton,1951-07-27,Patricia,Greene,1966-07-05
Arbutin Dimethicone,43948-4002,Jeremy,Smith,1996-09-30,Billy,Gonzales,1946-07-31,Henry,Olson,1995-02-04
Olanzapine,60505-3114,Jack,Robertson,1912-04-02,Joseph,Campbell,1909-12-19,Gerald,Hayes,1958-11-04
Cetirizine Hydrochloride,41163-458,Amanda,Chapman,1971-08-31,Maria,Hicks,1965-05-03,Louise,Knight,1996-10-20
Allopurinol,24236-634,Maria,Mccoy,2002-05-19
Octinoxate And Oxybenzone,10812-012,Jerry,Bennett,1974-06-15
Dextromethorphan Hbr Guaifenesin,49035-799,Walter,Hill,1955-08-22
Levothyroxine Liothyronine,63629-4556,Victor,Ramos,1927-07-01,Betty,Willis,1992-07-22
Nicotine Polacrilex,46122-173,Harold,Walker,1941-02-10,Patrick,Taylor,1971-07-21
Salicylic Acid,44924-133,Jacqueline,Moreno,1910-02-18
Chloroxylenol,63621-400,Russell,Ramos,1954-11-14
Cefotaxime,0143-9930,Melissa,Graham,1982-09-28,Justin,Willis,1921-10-27,James,Hansen,1935-04-29
Nitroglycerin,59762-3304,Ruth,Williamson,1953-03-17,Lori,Lee,1941-02-01,Kevin,Nelson,1921-11-09
Chloroxylenol,51198-001,Julie,Bailey,1936-06-21,Nicole,Owens,1924-08-31
Fluoride,49993-860,Dorothy,Anderson,1995-01-30
Rosuvastatin Calcium,0310-0755,Amy,Sanchez,1973-04-23,Todd,Hayes,1916-05-14,Andrea,Lawrence,1992-03-15
Phentolamine Mesylate,0362-0101,Lawrence,Lopez,1963-12-10,Bruce,Hall,1999-03-24
Enalapril Maleate,49158-503,Matthew,Watson,1942-06-06,Victor,Ramos,1927-07-01
Fosphenytoin Sodium,63323-403,Melissa,Snyder,1950-04-29
Plexus Coeliacus 6 Special Order,48951-8046,Gloria,Peters,2009-03-14,Philip,Harvey,1908-04-21,Deborah,Gonzalez,2013-12-30
Enalapril Maleate And Hydrochlorothiazide,54868-5503,Jeremy,Thomas,2015-12-14
Octinoxate Oxybenzone Titanium Dioxide,61957-1113,Donna,Duncan,1945-10-16,Louise,Knight,1996-10-20,Kathleen,Bradley,2008-02-27
Cetirizine Hcl,55910-129,Jerry,Robertson,1956-02-04
Phentermine Hydrochloride,63629-1584,Richard,Mcdonald,1950-06-23,Carlos,Sullivan,1922-01-15,Melissa,Bell,2010-12-31
Copper Gluconate,60681-1075,Judith,Gordon,1992-07-23,Anne,Dean,1975-06-01
Zolpidem Tartrate,68788-9127,George,Gray,1942-05-21
Metformin,43063-429,Nicholas,Powell,1933-05-31
Acetaminophen,70253-175,Bobby,Moore,1998-10-30,Edward,Sims,1922-01-14,Anna,Kennedy,1952-12-03
Acetaminophen Guaifenesin Phenylephrine Hcl,36800-145,Earl,Ortiz,1948-11-11,Todd,Austin,2014-12-01,Brian,Greene,1902-07-07
Dextromethorphan Polistirex,37205-697,Donald,Ray,1974-12-06
Nicotine Polacrilex,49738-456,Richard,Dunn,1928-06-21,Irene,Rice,2015-02-01
Benzocaine And Menthol,10237-702,Roger,Gibson,1973-01-05
Meropenem,0781-3267,Katherine,Ryan,2010-12-31,Annie,King,1908-12-09,Shirley,Clark,1949-09-23
Alprazolam,16590-005,Anne,Dean,1975-06-01,Joan,Grant,1991-06-03
Guaifenesin,63029-101,Anthony,Simmons,1978-07-18,Annie,Mason,1989-03-18,Margaret,Perry,1998-08-14
Triclosan,64064-101,Louis,Hunt,1933-06-14
Nitrofurantoin (Monohydrate/Macrocrystals),63629-1459,Jonathan,Martinez,1929-02-01,Peter,Fuller,1963-07-28
Levetiracetam,64376-138,Chris,Anderson,1940-12-10,Walter,Stephens,1990-06-09
Oxygen,61834-0001,Denise,Ford,1920-10-20,Kenneth,Bennett,1996-11-24
Hydroxyzine Pamoate,54868-2892,Christina,Garrett,1932-06-07
Meloxicam,68788-1701,Ann,Hall,1929-07-31
Apis Bryonia Special Order,48951-1223,Dennis,Rogers,1954-11-19
Clindamycin Phosphate And Benzoyl Peroxide,0187-5190,Andrea,Carter,1916-01-18
Amoxicillin,0093-4155,Kevin,Dixon,1932-01-05
Diphenhydramine Hcl,37808-236,Teresa,Moreno,1996-03-26,Heather,Jenkins,1945-11-23,Judy,Clark,1938-02-15
Acetaminophen Phenylephrine Hcl,41163-272,Louise,Meyer,1968-10-03
Armodafinil,63459-225,Harold,Cook,1905-01-13,Norma,Alexander,2003-03-21,Daniel,Garza,1926-12-19
Sulindac,42291-751,Deborah,Gonzalez,2013-12-30
Menthol,10742-8163,Marilyn,Stevens,1958-04-03,Heather,Brown,1992-05-02,Michelle,Gardner,1961-06-08
Baclofen,42254-061,Bonnie,Moore,1904-02-06
Ethyl Alcohol,50988-401,Amy,Gutierrez,1914-12-29,Bonnie,Clark,1903-01-14
Miconazole Nitrate,11822-0916,Peter,Marshall,1957-07-06
Glycerin Hypromelloses Polyethylene Glycol 400,67510-0063,William,Chavez,1977-08-12,Amanda,Price,1988-12-02
Comfrey Root,68428-124,Rose,Jacobs,1920-01-02,Richard,Ellis,1955-12-26,John,Peters,1978-04-15
Benzethonium Chloride,58503-062,Roger,Adams,1910-03-11
Lisinopril And Hydrochlorothiazide,53808-0453,Albert,Knight,1912-09-19,Dorothy,Mason,2016-11-15
Alprazolam,21695-603,Jack,Robertson,1912-04-02,Jason,Harvey,1935-03-15
Ledum Palustre Twig,76472-1151,Ruby,King,2014-03-21
Homosalate Octisalate Avobenzone And Octocrylene,12488-2000,Adam,Stewart,1902-03-20,Shirley,Clark,1949-09-23,Joshua,Welch,1984-10-04
Glycerin,55910-522,Marilyn,Romero,1953-06-28
American Beech,49288-0073,Carlos,Riley,1913-11-17,James,Hansen,1935-04-29
Dimethicone,76214-008,Terry,Cole,1963-07-07,Joshua,Welch,1984-10-04
Chlophedianol Hydrochloride Dexbrompheniramine Maleate Pseudoephedrine Hydrochloride,12830-762,Gloria,Wells,2012-04-20
Nitrogen,51758-003,Carol,Reyes,1939-10-19
.Beta.-Carotene Ascorbic Acid Cholecalciferol .Alpha.-Tocopherol Acetate D- Thiamine Mononitrate Riboflavin Niacinamide Pyridoxine Hydrochloride Folic Acid Cyanocobalamin Calcium Carbonate Iron Magnesium Oxide Zinc Oxide Cupric Oxide Iodine Omega-3 Fatty Acids,44118-800,Sandra,Webb,1914-06-12,Phyllis,Hunt,1932-03-17
Miconazole Nitrate,49348-833,Margaret,Hart,1926-10-14,Benjamin,Bowman,1941-04-20,Victor,Murphy,1904-01-23
Acetaminophen,17714-012,Patrick,Harper,1979-12-01,Maria,Hicks,1965-05-03
Clonidine Hydrochloride,55045-1167,Christina,Vasquez,1988-09-21,Susan,Perry,1989-06-11
Clonidine Hydrochloride,63323-427,Dorothy,Mason,2016-11-15
Guaifenesin,30142-310,Ashley,Shaw,1994-01-31
Fluconazole,49349-124,George,Gonzalez,1952-10-18,Maria,Hicks,1965-05-03
Povidone-Iodine,42947-611,Peter,Fuller,1963-07-28,Frank,Morris,1946-04-24
Ethyl Alcohol,59779-084,Annie,Anderson,1962-05-28,Brandon,Torres,1939-02-15,Aaron,Gordon,1972-05-31
Nitrous Oxide,10014-003,Charles,Thomas,1952-09-27,Denise,Larson,2010-12-25
Pollens - Weeds Dock/Sorrel Mix,65044-1519,Peter,Marshall,1957-07-06
Bleomycin,0703-3155,Samuel,Carter,2014-12-01,Diane,Peters,2002-10-29
Memantine Hydrochloride,0456-3428,Michael,Burns,1915-01-25
Polyethylene Glycol 3350,42507-306,Patrick,Rice,1934-11-19
Bismuth Subsalicylate,67510-0505,Katherine,Cunningham,1974-01-21
Salicylic Acid,50730-7801,Walter,Allen,1950-09-13,Howard,Wheeler,1947-04-26
Ondansetron Hydrochloride,52125-334,Shirley,Alexander,1946-04-19,Margaret,Nelson,1941-10-18,Anthony,Wilson,1952-07-22
Western Mugwort Sage,49288-0499,Craig,Dunn,2002-09-28,Nicholas,Powell,1933-05-31
Salicylic Acid,55910-601,Timothy,Stewart,1902-09-16,Susan,Ramos,2003-03-19,Martin,Franklin,1998-09-24
Hydralazine Hydrochloride,52584-901,Christine,Martinez,1999-08-06
Levofloxacin,42291-372,Andrea,Price,1954-08-07
Isopropyl Alcohol,47682-268,Thomas,Riley,1982-09-16,Craig,Dunn,2002-09-28,Richard,Dunn,1928-06-21
Metoprolol Tartrate,57664-506,Judy,Little,2003-07-01,Nicholas,Powell,1933-05-31,Justin,Armstrong,1928-07-18
Candida Albicans,0268-0850,Patrick,Sanders,1974-11-22,Matthew,Phillips,1929-06-22,Amy,Gutierrez,1914-12-29
Bacitracin Zinc Neomycin Sulfate Polymyxin B Sulfate And Pramoxine Hydrochloride,51672-2027,Evelyn,Long,1921-01-08
Menthol,55910-391,Nancy,Olson,1940-01-16,Jane,Robertson,1913-04-11
Atenolol,52125-166,Kevin,Reed,1984-03-13,Jessica,Harrison,2006-01-16
Casein,36987-1174,Brenda,Ross,1995-06-02,Joshua,Peters,1923-08-17,Peter,Banks,1937-03-10
Chlorpheniramine Maleate Phenylephrine Hcl,42507-810,Alice,Rodriguez,1945-11-10
Ethyl Alcohol,11084-200,Walter,Bennett,1998-02-19
Captorpil,33261-536,Jerry,Cruz,1936-06-18
Aurum Metallicum,53645-1020,Sandra,Riley,1942-01-18
Alkyl (68% C12 32% C14) Dimethyl Ethylbenzyl Ammonium Chloride And Alkyl Dimethyl Benzyl Ammonium Chloride,37929-000,Ashley,Shaw,1994-01-31,Earl,Reid,2015-12-21
Vinorelbine,0069-0205,Michelle,Fuller,1997-07-25,Samuel,Carter,2014-12-01
Cefprozil,16714-396,Heather,Brown,1992-05-02,Scott,Murphy,1952-01-12
Neomycin Sulfate,65923-007,Angela,Russell,1919-08-18,Marilyn,Romero,1953-06-28
Alcohol,65601-755,Earl,Reid,2015-12-21,Gregory,Robinson,1976-03-02,Aaron,Carter,1991-01-11
Latrodectus Mactans Venom,64117-839,Ernest,Williamson,1934-02-20,Albert,Cook,1965-04-12
Methimazole,23155-071,Richard,Ellis,1955-12-26
Bupropion Hydrochloride,0591-3542,Donald,Miller,1979-12-10
Docusate Sodium,49348-616,Carlos,Ross,1947-11-15,Deborah,Shaw,1979-11-27,Elizabeth,Rogers,1971-04-12
Lidocaine 4%,24357-701,William,Myers,1933-12-20,Jonathan,Morales,1906-01-17
Flounder,36987-1210,Jonathan,Peters,1940-01-12,Paul,Cook,2004-12-02,Kathryn,Henry,1954-01-26
Nitrofurantoin Macrocrystals,63629-4792,Henry,Scott,1988-04-12,Eugene,Lane,1942-02-05,Alice,Arnold,2015-05-28
Escitalopram,0378-3856,Tammy,Bryant,1959-11-15,Juan,Gordon,1911-02-25,John,Roberts,1989-03-07
Isosorbide Dinitrate,49349-793,Marie,Medina,1984-06-09,Nicole,Owens,1924-08-31
Olmesartan Medoxomil,65597-101,Benjamin,Bowman,1941-04-20,Eugene,Dunn,1919-09-02
Lovastatin,52125-841,Dennis,Nelson,1933-09-14,Gerald,Chavez,1954-02-09,Victor,Murphy,1904-01-23
Methylcellulose,0135-0199,Cynthia,Hayes,1984-07-15
Para Grass Pollen,36987-2352,Cheryl,Howard,1958-09-14,Andrew,Burke,1918-10-11
Aluminum Zirconium Tetrachlorohydrex Gly,64942-1204,Justin,Edwards,2001-07-09,Clarence,West,1966-09-03
Oxymetazoline Hydrochloride,68382-418,Peter,Collins,1955-12-21,Annie,Kelly,1936-10-21
Argentum Quartz,53645-1340,Stephen,Richardson,1957-02-27,Mildred,Perry,1947-09-15,Earl,Ortiz,1948-11-11
Nevirapine,53150-209,Jeremy,Richardson,1967-11-27,Ryan,Romero,2006-07-03
.Alpha.-Lipoic Acid Turmeric Ocimum Tenuiflorum Top Indian Frankincense Rosemary Salix Alba Bark And Ginger,51230-391,Gloria,Peters,2009-03-14
Acetaminophen Dextromethorphan Hydrobromide Phenylephrine Hydrochloride,55312-371,Jacqueline,Nelson,2005-04-19,Carl,Wells,1936-09-03
Oxycodone Hydrochloride,16590-659,Carlos,Ross,1947-11-15,Angela,White,1991-12-22,Harry,Stanley,1909-11-01
Menthol And Camphor (Synthetic),64058-342,Roger,Long,1999-11-14,Deborah,Carr,1938-12-25,Victor,Bailey,1947-12-13
Medroxyprogesterone Acetate,54569-3807,Wanda,Brown,1974-06-15,Katherine,Hughes,1958-08-05
Alcohol,51811-353,Rachel,George,1998-02-17,Ashley,Washington,1977-08-03,Melissa,Gibson,1928-11-03
Bacitracin Zinc,52426-320,Emily,Bowman,2001-07-17,Ernest,Rose,1980-06-22
Avobenzone Octisalate Octocrylene,37012-326,Andrew,Parker,1943-03-24,Fred,Garza,1923-03-24
Chicken Meat,0268-6122,Julie,Bailey,1936-06-21,Annie,Hanson,1966-12-18
Epifagus Virginiana - Iris Versicolor Root - Potassium Iodide,68428-023,Rebecca,Edwards,1927-11-09
Grass Smut Mixture,49288-0214,Amanda,Price,1988-12-02
Lidocaine Hydrochloride And Epinephrine,0409-3178,Katherine,Cunningham,1974-01-21,Craig,Morgan,1955-10-02
Buprenorphine Hcl,0054-0177,Michael,Webb,1950-04-28,Anne,Dean,1975-06-01,Daniel,Vasquez,1940-10-21
Alcohol Swab,28691-1234,Brandon,Harrison,1937-04-27,Kathleen,Mitchell,1947-01-23
Aluminum Zirconium Tetrachlorohydrex Gly,35000-842,Shirley,Alexander,1946-04-19,Lillian,Powell,1950-08-14,Jason,Foster,2016-06-16
Lidocaine,57367-001,Gerald,Richardson,1938-03-14,Nicole,Jones,1961-04-13
Rocuronium Bromide,39822-4200,Diane,Peters,2002-10-29,Matthew,Watson,1942-06-06
Octinoxate Octisalate Oxybenzone,68828-046,Johnny,Wilson,1933-12-27
Alcohol,53389-642,Daniel,Price,1984-11-08
Citric Acid Monohydrate,50965-001,Tammy,Bryant,1959-11-15,Theresa,Walker,1996-07-26,Victor,Ramos,1927-07-01
Guinea Pig Epithelium,36987-1059,Arthur,Rice,2016-06-04,Elizabeth,Miller,1921-01-08
Dihydrocodeine Bitartrate Acetaminophen And Caffeine,54868-5900,Pamela,Hughes,2007-02-01,Harry,Robinson,1950-09-08,Jimmy,Adams,1921-10-08
Leeks,36987-1605,Bruce,Gonzalez,1934-11-14
Naproxen Sodium,11822-0507,Dennis,Bishop,1935-04-07,Jonathan,Shaw,1957-02-21,Nicholas,Carpenter,1901-06-04
Dextromethorphan Hbr Guaifenesin,30142-578,Catherine,Gardner,2011-05-31,Scott,Murphy,1952-01-12
Octreotide Acetate,25021-453,Thomas,Morris,2011-05-12,Steve,Burns,1998-07-31,Harold,Bowman,1979-01-24
Budesonide And Formoterol Fumarate Dihydrate,0186-0370,Catherine,Jordan,1995-08-02,William,Chavez,1977-08-12
Buspirone Hydrochloride,43353-607,Eugene,Lane,1942-02-05,Rachel,George,1998-02-17,Harold,Walker,1941-02-10
Bismuth Subsalicylate,15127-555,Kevin,Dixon,1932-01-05
Salicylic Acid Niacinamide Menthol,69149-100,Martin,Bailey,2001-11-21,Kathleen,Bradley,2008-02-27
Ampicillin Sodium,0781-9413,Juan,Rivera,1965-12-19
Pork Sus Sp.,65044-3509,Elizabeth,Rogers,1971-04-12,Phillip,Ramirez,1938-06-15
Levonorgestrel/Ethinyl Estradiol And Ethinyl Estradiol,51285-092,Jack,Robertson,1912-04-02,Larry,Morris,2011-07-24
Paroxetine Hydrochloride,63629-3327,Norma,Garcia,1993-09-24
Benzalkonium Chloride,50988-192,Joan,Spencer,1970-08-19
Pemetrexed Disodium,0002-7623,Robin,Wallace,1924-05-01
Nitrogen,68624-002,Andrew,Burke,1918-10-11,Eugene,Bailey,1965-11-19
Helminthosporium Solani,0268-0904,Michael,Burns,1915-01-25
Avobenzone Homosalate Octisalate Octocrylene Oxybenzone,59779-021,Norma,Ryan,1967-04-12,Fred,Cruz,1914-03-24
Risperidone,57664-213,Jonathan,Peters,1940-01-12,Arthur,Rice,2016-06-04
Pyrithione Zinc,14783-436,Andrew,Hayes,1924-10-26,Howard,Fernandez,1980-10-09
Sodium Fluoride,11673-213,Craig,Morgan,1955-10-02,Sandra,Jones,2007-08-01,Christina,Gomez,2002-05-05
Toxoplasma Gondii,43857-0312,Jesse,Sanchez,1921-03-16,Sharon,Evans,1957-10-31,Rachel,Richards,1918-07-28
Lithium Carbonate,0143-3188,Jesse,Reid,1935-02-02,Frances,Payne,1972-12-23,Amanda,Ray,1960-05-08
Octinoxate And Oxybenzone,13537-284,Irene,Stevens,1964-02-23,Andrew,Hayes,1924-10-26,Laura,Gardner,2002-02-21
Doxorubicin Hydrochloride,67457-394,Paul,Torres,1919-02-01
Povidone-Iodine,57554-210,Janet,Stone,1922-09-29,Denise,Ford,1920-10-20,Craig,Perez,1965-06-15
Salicylic Acid,51270-111,Gerald,Chavez,1954-02-09
Ibuprofen,50580-198,Norma,Garcia,1993-09-24,Diane,Ryan,1957-10-08,Antonio,Lee,1934-02-22
Shark Cartilage Scrophularia Nodosa Echinacea Phytolacca Decandra Germanium Sesquioxide Calcarea Iodata Lymph Spleen Thuja Occidentalis,43772-0024,Melissa,Graham,1982-09-28
Pyrithione Zinc,21130-427,Elizabeth,Flores,1921-04-13,Doris,Anderson,1937-08-26
Aconitum Napellus 3X Bryonia Alba 2X Hypericum 3X,42346-300,Brenda,Simmons,1993-02-05
Zinc Oxide,42508-145,Anne,Lawson,2005-02-10,Karen,Brooks,1964-12-08
Petrolatum,33992-1200,Roger,Parker,1954-12-27,Chris,Anderson,1940-12-10,Gerald,Richardson,1938-03-14
Terconazole,0062-5356,Rebecca,Sullivan,1946-12-19
Brompheniramine Maleate Dextromethorphan Hbr Phenylephrine Hcl,59779-363,Shawn,Brooks,1949-05-27,Billy,Ellis,1925-08-02
Atorvastatin Calcium,60505-2580,Tina,Lee,1923-12-23,Henry,Hamilton,1994-02-07
Nitrous Oxide,52568-002,Emily,Ford,2006-10-15,Angela,Marshall,1917-02-08,Evelyn,Long,1921-01-08
Avobenzone Octocrylene Oxybenzone,63354-941,Diane,Peters,2002-10-29,Susan,Greene,1953-07-01
Losartan Potassium,50268-518,Julie,Bailey,1936-06-21,Timothy,Taylor,1935-01-02
Salicylic Acid,59779-316,Gerald,Chavez,1954-02-09
Panthenol,44924-005,Marie,Medina,1984-06-09,Annie,Mason,1989-03-18,Benjamin,Torres,1974-10-25
Aluminum Zirconium Octachlorohydrex Gly,51815-218,Joshua,Peters,1923-08-17
Astacus Fluviatilis Baryta Iodata Calcarea Iodata Cistus Canadensis Clematis Erecta Coniinum Iodium Lacticum Acidum Mercurius Iodatus Ruber Mercurius Vivus Phytolacca Decandra Scrophularia Nodosa Spongia Tosta,57955-5121,Ralph,Medina,1987-05-15,Lawrence,Murray,1977-06-28
Chondrus Crispus Fucus Vesiculosus Thyroidinum (Suis) Cadmium Iodatum Cadmium Sulphuratum Iodium Uranium Nitricum Radium Bromatum,43742-0455,Carolyn,Lee,1909-10-27,Harry,Stanley,1909-11-01
Sodium Fluoride,62007-210,Antonio,Lee,1934-02-22,Philip,Hill,1941-04-11,Gregory,Matthews,2011-10-10
Adapalene,0093-6301,Scott,Cook,2009-05-05,Mark,Taylor,2008-04-18
Sodium Bicarbonate,52584-637,Diana,Bishop,1920-09-14
Ailanthus Altissima Flowering Twig,64117-104,Roger,Adams,1910-03-11
Hydralazine Hydrochloride,76237-173,Raymond,Sanders,1977-09-07,Eric,Sims,1984-07-14
Finasteride,63739-495,Henry,Ortiz,1993-07-20,Earl,Schmidt,1975-07-06
Ceftazidime,24987-377,Nicholas,Carpenter,1901-06-04
Naproxen Sodium,10544-276,Amy,Sanchez,1973-04-23,Sharon,Evans,1957-10-31
Bacitracin,55154-5844,Nicole,Peterson,1918-09-19,Harold,Bowman,1979-01-24,Irene,Smith,1953-06-01
Chloroxylenol,61666-000,Susan,Duncan,1958-04-26
Octinoxate Octocrylene Octisalate And Avobenzone,61481-3003,Lillian,Harvey,1973-11-18,Ruby,Gonzalez,1922-03-24,Adam,Bennett,1946-02-17
Sodium Chloride,58291-0011,Larry,Rice,1972-11-26
Cyproheptadine Hydrochloride,64980-504,Patrick,Harper,1979-12-01
Cetraria Islandica Subsp. Islandica,60681-7001,Craig,Dunn,2002-09-28,Annie,Kelly,1936-10-21
Sodium Monofluorophosphate,62678-216,Ernest,Rodriguez,2010-07-02,Tammy,Fisher,1926-08-19
Topiramate,68462-153,Andrea,Price,1954-08-07
Cimicifuga Lachesis Trigonocephalus Lilium Tigrinum,34666-061,Marie,Perkins,1993-10-06,Lori,Lee,1941-02-01,Kathy,Sullivan,1961-11-08
Aspirin,67046-167,Jean,Bell,1950-02-28
Cinnamon,36987-1675,Gary,Bell,1963-10-31
Hydrocodone Bitartrate And Acetaminophen,0603-3890,Donna,Duncan,1946-11-02,Billy,Gonzales,1946-07-31
Clindamycin Phosphate,64011-124,Michelle,Gardner,1961-06-08,Dorothy,Owens,1923-09-21
Hydrocortisone,45802-438,Jesse,Fowler,2014-12-09,Walter,Torres,2013-07-20,Kevin,Nelson,1921-11-09
Mirtazapine,53808-0484,Lisa,Cooper,1954-05-02,Jose,Lynch,2008-06-28
Aluminum Zirconium Tetrachlorohydrex Gly,10596-335,Sean,Wright,1949-08-21
Octinoxate And Titanium Dioxide,58411-135,Janice,Roberts,1927-01-12,Emily,Ford,2006-10-15
Acetaminophen,49738-289,Joshua,Peters,1923-08-17
Benzoyl Peroxide,43538-120,Andrew,Hayes,1924-10-26,Kevin,Ellis,1990-11-16
Nicotine Polacrilex,24385-976,Jacqueline,Torres,1975-08-10
Green Ash,49288-0623,Pamela,Hughes,2007-02-01
Temazepam Choline,68405-013,Frances,Turner,1943-07-25
Magnesium Sulf. Bryonia,48951-7006,Annie,Anderson,1962-05-28,William,Chavez,1977-08-12
Haloperidol,58118-1396,Ryan,Holmes,1959-10-01
Flounder,0268-6137,Amanda,Price,1988-12-02,Ashley,Watson,1993-05-02,William,Miller,1974-10-17
Acetaminophen Dextromethorphan Hbr Doxylamine Succinate Phenylephrine Hcl,49738-567,Janet,Freeman,1917-05-12
Ibuprofen,49348-639,Douglas,Morris,1956-06-13,Linda,Alexander,1943-07-15,Gerald,Baker,1967-09-22
Ibuprofen,11822-0291,Nicholas,Ray,1901-11-14,Jerry,Hernandez,1936-10-06,Annie,Kelly,1936-10-21
Nitrofurantoin Monohydrate/Macrocrystalline,47781-303,Donna,Duncan,1945-10-16,Marie,King,1920-02-09,Craig,Gray,1986-05-03
Western Water Hemp,36987-3218,Tina,Cunningham,1997-07-28
Quercus 5,48951-8113,Brenda,Ward,1989-05-11
Miconazole Nitrate,55992-711,Susan,Murphy,1936-05-30,Rose,Jacobs,1920-01-02
Palm Queen Coco Palm,0268-1348,Gerald,Richardson,1938-03-14,Ernest,Boyd,1959-02-04
Menthol,59316-108,Jonathan,Washington,1912-06-14
Glycerin Dimethicone,51346-135,Phillip,Russell,1938-02-19,Jonathan,Shaw,1957-02-21,Lillian,Riley,1976-06-27
Acetaminophen Dextromethorphan Hydrobromide And Phenylephrine Hydrochloride,33992-0611,Martha,Lopez,1980-01-06,Phillip,Russell,1938-02-19,Donna,Welch,2001-08-08
Selenium Sulfide,55316-619,William,Jenkins,1964-12-22
Fagopyrum Esculentum Magnesia Muriatica Bioflavonoids Cor Thyroidinum Arsenicum Iodatum Aurum Muriaticum,43857-0164,Lillian,Riley,1976-06-27,Nicholas,Ray,1901-11-14
Benzocaine,66184-153,Christine,Holmes,1959-12-13,Eric,Howell,1970-05-27
Mixture Of Standardized And Non-Standardized Southern Grasses,49288-0239,Adam,Stewart,1902-03-20,Melissa,Snyder,1950-04-29
Enalapril Maleate,51138-036,Brandon,Watson,1967-05-15
Venlafaxine,63629-3323,Karen,Lawrence,1947-06-25,Walter,Bennett,1998-02-19,Jean,Bell,1950-02-28
Menthol,59779-981,Brian,Green,2014-08-19
Metolazone,54868-5104,Janet,Freeman,1917-05-12,Sarah,Cooper,1911-03-19
Ethyl Alcohol,50988-401,Victor,Webb,1972-01-02,Sandra,George,1984-10-13,Victor,Russell,1917-03-20
Hydroxyurea,49884-724,Stephanie,Perkins,1907-01-31
Acetaminophen Dextromethorphan Hbr Doxylamine Succinate Phenylephrine Hcl,55319-490,Brian,Gibson,1983-11-28,Joan,Sims,2015-06-30,Anna,Brooks,1983-10-09
Petrolatum,57337-061,Susan,Berry,1979-11-18,Jonathan,Martinez,1929-02-01,Pamela,Ross,1981-06-03
Prednisone,43063-432,Michelle,Murphy,1945-12-15,Amanda,Nichols,1931-03-20
Titanium Dioxide,11697-371,Joan,Sims,2015-06-30
